Z,N,A,EL,T01_mass_excess,T02_BE_per_A,T03_S_2n,T04_S_2p,T05_S_n,T06_S_p,T07_Q_alpha,T08_Q_beta,T09_E_2plus,T10_BE2_up,T11_beta2,T12_tau,T13_E_4plus,T14_R_42,F01_Z,F02_N,F03_A,F04_dZ50,F05_dZ82,F06_dN50,F07_dN82,F08_Zmod2,F09_Nmod2,F10_valence,F11_eveneven
40,60,100,Zr,-76372.736,8522.1066,11233.6146,24528.2896,6827.3838,13017.9766,-5879.4039,3418.5098,212.53,1.35,0.387,3000.0,564.575,2.65539898595577,40,60,100,10,42,10,22,0,0,20,1
41,59,100,Nb,-79791.246,8548.4683,12409.2697,22080.4402,5527.22,9463.5466,-3886.1757,6401.7829,,,,,,,41,59,100,9,41,9,23,1,1,18,0
42,58,100,Mo,-86193.029,8604.6626,14219.6845,19489.2134,8294.2406,11146.6559,-3179.0846,-172.0776,535.561,0.976,0.3135,177.7,1136.024,2.1210543807436224,42,58,100,8,40,8,24,0,0,16,1
43,57,100,Tc,-86020.951,8595.1184,15731.3734,17074.2811,6764.4,7339.816,-2843.0366,3206.4401,,,,,,,43,57,100,7,39,7,25,1,1,14,0
44,56,100,Ru,-89227.391,8619.3593,17145.156,15689.3531,9673.3245,9188.4931,-2857.4178,-3636.2612,539.51,0.632,0.2408,26.5,1226.4675,2.273297571027001,44,56,100,6,38,6,26,0,0,12,1
45,55,100,Rh,-85591.13,8575.1732,18558.5476,13736.8583,8077.9264,5254.7162,-2194.3977,-378.4577,,,,,,,45,55,100,5,37,5,27,1,1,10,0
46,54,100,Pd,-85212.672,8563.5652,20034.3231,11565.7431,11101.129,6917.1217,-1557.2031,-7074.703,665.5,0.46,0.1965,16.57,1416.0913,2.127889483103453,46,54,100,4,36,4,28,0,0,8,1
47,53,100,Ag,-78137.969,8484.9947,21214.1808,9540.693,9496.8046,3244.0791,-875.1531,-3943.374,,,,,,,47,53,100,3,35,3,29,1,1,6,0
48,52,100,Cd,-74194.595,8437.7375,22700.8068,7451.5521,12334.7816,4771.0836,-436.0917,-10016.4492,1004.11,0.257,0.1407,5.61,1799.0014,1.7916359844678529,48,52,100,2,34,2,30,0,0,4,1
49,51,100,In,-64178.146,8329.7495,26414.0,5689.6636,10873.0,1535.9854,-2091.4166,-7030.0,,,,,,,49,51,100,1,33,1,31,1,1,2,0
50,50,100,Sn,-57148.146,8251.626,,4089.6636,17243.0,3061.0,-4001.0,,,,,,,,50,50,100,0,32,0,32,0,0,0,1
40,61,101,Zr,-73160.987,8485.8439,11686.9528,25220.4022,4859.569,13128.7168,-7005.2287,5730.5011,,,,,,,40,61,101,10,42,11,21,0,1,21,0
41,60,101,Nb,-78891.488,8534.8355,12698.7802,22825.6996,7171.5602,9807.723,-5200.949,4628.4637,,,,,,,41,60,101,9,41,10,22,1,0,19,0
42,59,101,Mo,-83519.952,8572.9159,13692.4815,20481.2235,5398.2409,11017.6769,-3008.1745,2824.6411,,,,,,,42,59,101,8,40,9,23,0,1,17,0
43,58,101,Tc,-86344.593,8593.1366,15159.3595,18587.1909,8394.9596,7440.535,-3166.7118,1613.52,,,,,,,43,58,101,7,39,8,24,1,0,15,0
44,57,101,Ru,-87958.113,8601.366,16475.3639,16565.9486,6802.0395,9226.1326,-2838.3281,-545.6846,,,,,,,44,57,101,6,38,7,25,0,1,13,0
45,56,101,Rh,-87412.428,8588.2172,17970.5425,14662.5009,9892.6161,5474.0078,-2612.9074,-1980.2833,,,,,,,45,56,101,5,37,6,26,1,0,11,0
46,55,101,Pd,-85432.145,8560.8644,19391.9194,12384.702,8290.7904,7129.9857,-1736.4963,-4097.7606,,,,,,,46,55,101,4,36,5,27,0,1,9,0
47,54,101,Ag,-81334.384,8512.5465,20764.5374,10327.8046,11267.7328,3410.6828,-1161.7358,-5497.9186,,,,,,,47,54,101,3,35,4,28,1,0,7,0
48,53,101,Cd,-75836.466,8450.3657,22047.9699,8231.5463,9713.1882,4987.4673,-455.529,-7291.5642,,,,,,,48,53,101,2,34,3,29,0,1,5,0
49,52,101,In,-68544.901,8370.426,23311.0,6410.3606,12438.0733,1639.277,-65.7903,-8239.277,,,,,,,49,52,101,1,33,2,30,1,0,3,0
50,51,101,Sn,-60305.624,8281.103,28472.0,4952.4347,11228.7963,3416.4493,-1996.5133,,,,,,,,50,51,101,0,32,1,31,0,1,1,0
40,62,102,Zr,-71581.427,8466.294,11351.3271,26341.8645,6491.7581,13815.6114,-7583.9543,4716.838,151.78,1.958,0.46,2931.0,478.2816,3.151127511923421,40,62,102,10,42,12,20,0,0,22,1
41,61,102,Nb,-76298.265,8504.8675,12649.6552,23554.9659,5478.095,10426.2491,-6434.4331,7262.6008,,,,,,,41,61,102,9,41,11,21,1,1,20,0
42,60,102,Mo,-83560.866,8568.3994,13510.473,21766.0718,8112.2321,11958.3488,-4704.024,1012.0557,296.61,1.28,0.354,1095.0,743.735,2.5074474799265296,42,60,102,8,40,10,22,0,0,18,1
43,59,102,Tc,-84572.921,8570.6514,14694.6063,19359.6177,6299.6467,8341.9408,-3473.225,4533.5134,,,,,,,43,59,102,7,39,9,23,1,1,16,0
44,58,102,Ru,-89106.435,8607.4275,16021.6796,17491.3482,9219.6402,10050.8132,-3415.3703,-2323.1187,475.0962,0.826,0.2717,82.8,1106.433,2.32886092692678,44,58,102,6,38,8,24,0,0,14,1
45,57,102,Rh,-86783.316,8576.9818,17334.8222,15340.307,7442.2061,6114.1745,-2776.0181,1119.647,,,,,,,45,57,102,5,37,7,25,1,1,12,0
46,56,102,Pd,-87902.963,8580.2887,18832.9268,13253.5139,10542.1364,7779.5061,-2103.0075,-5656.2615,,,,,1275.917,2.292979539756849,46,56,102,4,36,6,26,0,0,10,1
47,55,102,Ag,-82246.702,8517.165,20251.3683,11233.5137,8983.6355,4103.5279,-1496.3989,-2587.0,,,,,,,47,55,102,3,35,5,27,1,1,8,0
48,54,102,Cd,-79659.702,8484.1322,21607.7423,9024.9713,11894.554,5614.2885,-763.632,-8964.8059,776.55,0.337,0.159,9.79,1637.93,2.109235782718311,48,54,102,2,34,4,28,0,0,6,1
49,53,102,In,-70694.896,8388.5719,22659.3856,7134.8683,10221.3123,2147.4011,-53.3868,-5760.0,,,,,,,49,53,102,1,33,3,29,1,1,4,0
50,52,102,Sn,-64934.896,8324.4313,23929.3856,5318.2423,12700.5893,3678.9653,276.6132,-13835.0,1472.0,0.176,0.1104,0.73,1969.0,1.3376358695652173,50,52,102,0,32,2,30,0,0,2,1
51,51,102,Sb,-51100.0,8181.0,,1500.0,,-1917.0,382.0,,,,,,,,51,51,102,1,31,1,31,1,1,2,0
40,63,103,Zr,-67808.993,8425.8337,10790.6428,27062.0212,4298.8847,13925.3233,-7715.3826,7219.674,,,,,,,40,63,103,10,42,13,19,0,1,23,0
41,62,103,Nb,-75028.667,8488.332,12279.8157,24551.8231,6801.7207,10736.2117,-6809.8529,5925.6639,,,,,,,41,62,103,9,41,12,20,1,0,21,0
42,61,103,Mo,-80954.331,8538.2672,13577.0159,22371.2867,5464.7839,11945.0376,-5762.5771,3649.5889,,,,,,,42,61,103,8,40,11,21,0,1,19,0
43,60,103,Tc,-84603.92,8566.1045,14401.9637,20290.3745,8102.317,8332.0257,-4693.4923,2663.2474,,,,,,,43,60,103,7,39,10,22,1,0,17,0
44,59,103,Ru,-87267.168,8584.3656,15451.6911,18325.1582,6232.0509,9983.2173,-3721.9773,764.5378,,,,,,,44,59,103,6,38,9,23,0,1,15,0
45,58,103,Rh,-88031.705,8584.1927,16761.9136,16265.0549,9319.7075,6214.2417,-3128.7521,-574.7252,,,,,,,45,58,103,5,37,8,24,1,0,13,0
46,57,103,Pd,-87456.98,8571.0173,18167.4716,14076.8097,7625.3353,7962.6352,-2256.5112,-2654.2778,,,,,,,46,57,103,4,36,7,25,0,1,11,0
47,56,103,Ag,-84802.702,8537.652,19610.9544,11968.2165,10627.3189,4188.7104,-1643.0966,-4151.0761,,,,,,,47,56,103,3,35,6,26,1,0,9,0
48,55,103,Cd,-80651.626,8489.7547,20957.7968,9797.4237,9063.2428,5693.8958,-893.6808,-6019.2293,,,,,,,48,55,103,2,34,5,27,0,1,7,0
49,54,103,In,-74632.397,8423.7199,22230.1318,7875.955,12008.8195,2261.6666,-344.83,-7540.0,,,,,,,49,54,103,1,33,4,28,1,0,5,0
50,53,103,Sn,-67092.0,8343.0,22929.0,5834.0,10229.0,3686.0,414.0,-10422.0,,,,,,,50,53,103,0,32,3,29,0,1,3,0
51,52,103,Sb,-56670.0,8234.0,,2703.0,13642.0,-976.0,2281.0,,,,,,,,51,52,103,1,31,2,30,1,0,3,0
40,64,104,Zr,-65717.66,8402.3159,10278.8691,28136.2908,5979.9844,14549.5974,-8325.0712,6093.3367,139.3,1.55,0.36,2600.0,452.14,3.245101557453528,40,64,104,10,42,14,18,0,0,24,1
41,63,104,Nb,-71810.997,8453.3832,11655.3678,25216.2974,4853.6471,11290.9741,-6914.6714,8532.7512,,,,,,,41,63,104,9,41,13,19,1,1,22,0
42,62,104,Mo,-80343.748,8527.9063,12925.5182,23340.263,7460.7344,12604.0513,-6395.9277,2155.2212,192.19,1.29,0.351,1817.0,560.6812,2.917191036373758,42,62,104,8,40,12,20,0,0,20,1
43,61,104,Tc,-82498.969,8541.107,14068.6838,20778.6462,5966.3668,8833.6086,-5132.6391,5596.7945,,,,,,,43,61,104,7,39,11,21,1,1,18,0
44,60,104,Ru,-88095.763,8587.3998,15131.9648,19112.84,8899.9139,10780.8143,-4327.6506,-1136.4195,358.02,1.074,0.306,255.0,888.489,2.4816256874481537,44,60,104,6,38,10,22,0,0,16,1
45,59,104,Rh,-86959.344,8568.9501,16318.664,16964.3648,6998.9566,6981.1474,-3363.3087,2435.7789,,,,,,,45,59,104,5,37,9,23,1,1,14,0
46,58,104,Pd,-89395.123,8584.8485,17634.796,14866.6302,10009.4607,8652.3885,-2592.6475,-4278.6529,555.81,0.66,0.2294,17.5,1323.596,2.381364989007114,46,58,104,4,36,8,24,0,0,12,1
47,57,104,Ag,-85116.47,8536.185,19012.4045,12911.0961,8385.0857,4948.4608,-1950.2558,-1148.0787,,,,,,,47,57,104,3,35,7,25,1,1,10,0
48,56,104,Cd,-83968.391,8517.6232,20451.3259,10643.3704,11388.083,6454.66,-1180.6348,-7785.7166,,,,,1492.14,2.2676830769511342,48,56,104,2,34,6,26,0,0,8,1
49,55,104,In,-76182.675,8435.238,21630.4151,8513.9152,9621.5957,2820.0194,-469.6211,-4555.6174,,,,,,,49,55,104,1,33,5,27,1,1,6,0
50,54,104,Sn,-71627.057,8383.9114,22834.7977,6545.2978,12606.0,4283.6312,142.6223,-12332.0,1260.1,0.209,0.1187,0.76,1942.75,1.5417060144588255,50,54,104,0,32,4,28,0,0,4,1
51,53,104,Sb,-59295.0,8258.0,24337.0,3178.0,10696.0,-508.687,2458.0,-9668.0,,,,,,,51,53,104,1,31,3,29,1,1,4,0
52,52,104,Te,-49626.831,8157.3256,,-730.1229,,246.0,5096.3997,,,,,,,,52,52,104,2,30,2,30,0,0,4,1
40,65,105,Zr,-61458.274,8358.598,9791.9164,28756.0,3811.9319,14667.0,-8558.2752,8457.2728,,,,,,,40,65,105,10,42,15,17,0,1,25,0
41,64,105,Nb,-69915.547,8431.6925,11029.5152,26036.4551,6175.8681,11486.8577,-7285.6759,7415.2411,,,,,,,41,64,105,9,41,14,18,1,0,23,0
42,63,105,Mo,-77330.788,8494.863,12519.0923,24099.7363,5058.358,12808.7621,-6594.7166,4955.5157,,,,,,,42,63,105,8,40,13,19,0,1,21,0
43,62,105,Tc,-82286.303,8534.6074,13825.0192,21835.578,7858.6525,9231.5267,-5819.7313,3648.2396,,,,,,,43,62,105,7,39,12,20,1,0,19,0
44,61,105,Ru,-85934.543,8561.9016,14810.0114,19558.1536,5910.0975,10724.545,-4839.5072,1916.7271,,,,,,,44,61,105,6,38,11,21,0,1,17,0
45,60,105,Rh,-87851.27,8572.7053,15962.2007,17825.2919,8963.2442,7044.4777,-3931.5933,566.6347,,,,,,,45,60,105,5,37,10,22,1,0,15,0
46,59,105,Pd,-88417.905,8570.6509,17103.5607,15728.6793,7094.1,8747.5319,-2884.708,-1347.0564,,,,,,,46,59,105,4,36,9,23,0,1,13,0
47,58,105,Ag,-87070.848,8550.3708,18410.7821,13617.0851,10025.6965,4964.6966,-2083.3363,-2736.9989,,,,,,,47,58,105,3,35,8,24,1,0,11,0
48,57,105,Cd,-84333.849,8516.8532,19824.8593,11454.8114,8436.7762,6506.3505,-1326.6206,-4693.2673,,,,,,,48,57,105,2,34,7,25,0,1,9,0
49,56,105,In,-79640.582,8464.7045,21150.8212,9415.8219,11529.2255,2961.1619,-731.1138,-6302.5807,,,,,,,49,56,105,1,33,6,26,1,0,7,0
50,55,105,Sn,-73338.001,8397.229,22388.0,7264.3172,9782.2623,4444.2978,73.5483,-9322.5103,,,,,,,50,55,105,0,32,5,27,0,1,5,0
51,54,105,Sb,-64015.491,8300.9923,23488.0,3961.0362,12792.0,-322.595,2104.4944,-11203.9825,,,,,,,51,54,105,1,31,4,28,1,0,5,0
52,53,105,Te,-52811.509,8186.8368,,297.0,11255.9961,806.0,5069.1999,,,,,,,,52,53,105,2,30,3,29,0,1,5,0
40,66,106,Zr,-58749.0,8330.0,9174.0,29568.0,5362.0,15468.0,-9015.0,7453.0,,,,,476.57,3.1322379231022017,40,66,106,10,42,16,16,0,0,26,1
41,65,106,Nb,-66202.678,8393.2657,10534.3178,26701.0,4358.4497,12033.3756,-7454.9528,9925.3249,,,,,,,41,65,106,9,41,15,17,1,1,24,0
42,64,106,Mo,-76128.003,8479.5202,11926.8915,24988.2854,6868.5336,13501.4276,-6971.4921,3648.2494,171.549,1.74,0.403,793.0,522.328,3.044760180425742,42,64,106,8,40,14,18,0,0,22,1
43,63,106,Tc,-79776.253,8506.557,13419.9197,22543.1981,5561.2672,9734.436,-5902.9035,6547.0,,,,,,,43,63,106,7,39,13,19,1,1,20,0
44,62,106,Ru,-86323.253,8560.9406,14370.1252,20557.4469,8460.0277,11325.9202,-5187.3028,39.4038,270.07,0.894,0.276,518.0,714.691,2.6462784273939737,44,62,106,6,38,12,20,0,0,18,1
45,61,106,Rh,-86362.656,8553.9317,15545.9485,18441.6295,6582.7043,7717.0845,-4214.6509,3544.8865,,,,,,,45,61,106,5,37,11,21,1,1,16,0
46,60,106,Pd,-89907.543,8579.9934,16655.0561,16389.7215,9560.9561,9345.2439,-3226.024,-2965.1434,511.85,0.764,0.2437,34.42,1229.304,1.0897862898185589,46,60,106,4,36,10,22,0,0,14,1
47,59,106,Ag,-86942.399,8544.6397,17968.5656,14560.9976,7942.8691,5813.4657,-2583.9992,189.7534,,,,,,,47,59,106,3,35,9,23,1,1,12,0
48,58,106,Cd,-87132.153,8539.0492,19306.3977,12314.9721,10869.6215,7350.2755,-1654.1057,-6524.0031,632.64,0.419,0.173,9.55,1493.785,2.361177850418245,48,58,106,2,34,8,24,0,0,10,1
49,57,106,In,-80608.15,8470.1213,20568.1112,10069.6219,9038.8857,3563.2713,-786.364,-3254.4521,,,,,,,49,57,106,1,33,7,25,1,1,8,0
50,56,106,Sn,-77353.698,8432.0383,21869.2765,7963.2484,12087.0142,5002.0865,-118.9119,-10880.3964,,,,,2019.65,1.672241771889878,50,56,106,0,32,6,26,0,0,6,1
51,55,106,Sb,-66473.301,8322.0124,23321.0,4868.5687,10529.1282,424.2708,1796.6786,-8253.5423,,,,,,,51,55,106,1,31,5,27,1,1,6,0
52,54,106,Te,-58219.759,8236.7682,24735.5644,1170.6438,13479.5684,1493.2389,4290.2208,-14920.0,664.8,0.387,0.153,11.0,,,52,54,106,2,30,4,28,0,0,6,1
53,53,106,I,-43300.0,8089.0,,-1417.0,,-2223.0,5375.0,,,,,,,,53,53,106,3,29,3,29,1,1,6,0
40,67,107,Zr,-54020.0,8284.0,8704.0,30408.0,3342.0,15519.0,-9165.0,9704.0,,,,,,,40,67,107,10,42,17,15,0,1,25,0
41,66,107,Nb,-63723.805,8367.0898,9950.8942,27732.0,5592.4444,12263.0,-7691.6869,8821.1703,,,,,,,41,66,107,9,41,16,16,1,0,25,0
42,65,107,Mo,-72544.975,8442.219,11356.8234,25664.6433,4488.2898,13631.2677,-7160.8972,6204.9921,,,,,,,42,65,107,8,40,15,17,0,1,23,0
43,64,107,Tc,-78749.967,8492.8979,12606.2997,23412.3625,7045.0325,9910.9349,-6146.2153,5112.5985,,,,,,,43,64,107,7,39,14,18,1,0,21,0
44,63,107,Ru,-83862.565,8533.3676,14070.6587,21109.72,5610.631,11375.284,-5333.1499,3001.1457,,,,,,,44,63,107,6,38,13,19,0,1,19,0
45,62,107,Rh,-86863.711,8554.104,15155.0773,19155.35,8572.3729,7829.4297,-4684.7068,1508.9427,,,,,,,45,62,107,5,37,12,20,1,0,17,0
46,61,107,Pd,-88372.654,8560.8946,16097.3852,17016.0531,6536.429,9298.9686,-3530.4021,34.0458,,,,,,,46,61,107,4,36,11,21,0,1,15,0
47,60,107,Ag,-88406.7,8553.9012,17478.4873,15133.3717,9535.6183,5788.1278,-2799.91,-1416.3741,,,,,,,47,60,107,3,35,10,22,1,0,13,0
48,59,107,Cd,-86990.325,8533.3524,18799.1122,13150.3628,7929.4907,7336.8971,-1958.2611,-3423.6586,,,,,,,48,59,107,2,34,9,23,0,1,11,0
49,58,107,In,-83566.667,8494.0439,20068.7209,11073.7607,11029.8353,3723.4852,-1188.8804,-5054.4281,,,,,,,49,58,107,1,33,8,24,1,0,9,0
50,57,107,Sn,-78512.239,8439.4946,21316.8735,8756.3315,9229.8593,5193.0601,-285.5283,-7858.9903,,,,,,,50,57,107,0,32,7,25,0,1,7,0
51,56,107,Sb,-70653.248,8358.7344,22780.3935,5590.6085,12251.2653,588.5219,1554.2327,-9996.0,,,,,,,51,56,107,1,31,6,26,1,0,7,0
52,55,107,Te,-60657.0,8258.0,23988.0,1897.0,10509.0,1473.0,4010.3533,-11227.0,,,,,,,52,55,107,2,30,5,27,0,1,7,0
53,54,107,I,-49430.0,8146.0,,-8.0,14201.0,-1501.0,4816.0,,,,,,,,53,54,107,3,29,4,28,1,0,7,0
40,68,108,Zr,-50950.0,8253.0,8343.0,31227.0,5001.0,16269.0,-9615.0,8595.0,,,,,521.56,2.991453971895612,40,68,108,10,42,18,14,0,0,24,1
41,67,108,Nb,-59545.198,8325.6604,9485.1555,28333.0,3892.7111,12814.0,-7890.0,11204.0998,,,,,,,41,67,108,9,41,17,15,1,1,24,0
42,66,108,Mo,-70749.297,8422.1581,10763.9305,26578.0,6275.6407,14314.464,-7456.5535,5173.533,,,,,563.6919,2.9238420780999164,42,66,108,8,40,16,16,0,0,24,1
43,65,108,Tc,-75922.831,8462.8172,12289.2141,24298.0944,5244.1816,10666.8267,-6536.7498,7738.5736,,,,,,,43,65,108,7,39,15,17,1,1,22,0
44,64,108,Ru,-83661.404,8527.2267,13480.7877,22111.3431,7870.1566,12200.4082,-5742.5722,1369.7517,242.23,1.071,0.298,447.0,665.107,2.7457210796172293,44,64,108,6,38,14,18,0,0,20,1
45,63,108,Rh,-85031.156,8532.6657,14811.1355,19832.8453,6238.7626,8457.5613,-4957.1026,4493.0596,,,,,,,45,63,108,5,37,13,19,1,1,18,0
46,62,108,Pd,-89524.215,8567.0241,15759.3086,17778.9049,9222.8795,9949.4752,-3853.3677,-1917.4238,433.938,0.865,0.2562,63.7,1048.2166,2.415588479839535,46,62,108,4,36,12,20,0,0,16,1
47,61,108,Ag,-87606.792,8542.0262,16807.0282,15822.0773,7271.41,6523.1087,-3072.3634,1645.6311,,,,,,,47,61,108,3,35,11,21,1,1,14,0
48,60,108,Cd,-89252.423,8550.0196,18262.9059,13922.8219,10333.4152,8134.6941,-2282.2156,-5132.5944,632.988,0.426,0.1723,7.77,1508.46623,2.383087629681535,48,60,108,2,34,10,22,0,0,12,1
49,59,108,In,-84119.828,8495.2516,19654.3147,11755.371,8624.4794,4418.4738,-1428.2741,-2049.8794,,,,,,,49,59,108,1,33,9,23,1,1,10,0
50,58,108,Sn,-82069.949,8469.0273,20858.8874,9515.7381,11629.0281,5792.253,-526.4734,-9624.6079,1206.07,0.231,0.1217,0.676,2111.1114,1.7504039148607338,50,58,108,0,32,8,24,0,0,8,1
51,57,108,Sb,-72445.341,8372.6666,22114.6758,6415.1333,9863.4105,1222.0732,1312.4179,-6663.6646,,,,,,,51,57,108,1,31,7,25,1,1,8,0
52,56,108,Te,-65781.676,8303.7221,23704.5535,3005.9209,13196.0,2417.3989,3420.465,-13011.0,625.2,0.46,0.163,5.7,1289.03,2.0617816321764804,52,56,108,2,30,6,26,0,0,8,1
53,55,108,I,-52771.0,8176.0,25614.0,876.0,11413.0,-596.9999,4098.6662,-10139.0,,,,,,,53,55,108,3,29,5,27,1,1,8,0
54,54,108,Xe,-42632.357,8074.8886,,-1009.4603,,492.0,4569.5582,,,,,,,,54,54,108,4,28,4,28,0,0,8,1
40,69,109,Zr,-45730.0,8204.0,7852.0,32057.0,2851.0,16239.0,-9964.0,10960.0,,,,,,,40,69,109,10,42,19,13,0,1,23,0
41,68,109,Nb,-56689.8,8297.1307,9108.6311,29297.0,5215.92,13029.0,-8545.0,9969.4851,,,,,,,41,68,109,9,41,18,14,1,0,23,0
42,67,109,Mo,-66659.285,8381.4163,10256.9459,27217.0,3981.3053,14403.0581,-7625.9268,7623.5438,,,,,,,42,67,109,8,40,17,15,0,1,23,0
43,66,109,Tc,-74282.828,8444.1796,11675.4977,25136.966,6431.316,10822.5021,-6792.1978,6455.6267,,,,,,,43,66,109,7,39,16,16,1,0,23,0
44,65,109,Ru,-80738.455,8496.228,13018.5259,22771.4225,5148.3692,12104.5958,-5832.5835,4260.7958,,,,,,,44,65,109,6,38,15,17,0,1,21,0
45,64,109,Rh,-84999.251,8528.1404,14278.1759,20827.2262,8039.4133,8626.818,-5137.8635,2607.2327,,,,,,,45,64,109,5,37,14,18,1,0,19,0
46,63,109,Pd,-87606.484,8544.8825,15376.466,18321.8604,6153.5865,9864.2991,-4096.8567,1112.9469,,,,,,,46,63,109,4,36,13,19,0,1,17,0
47,62,109,Ag,-88719.431,8547.9155,16455.3672,16433.6616,9183.9572,6484.1864,-3293.0765,-215.1002,,,,,,,47,62,109,3,35,12,20,1,0,15,0
48,61,109,Cd,-88504.33,8538.7646,17656.6411,14709.6188,7323.2259,8186.51,-2511.3416,-2014.8047,,,,,,,48,61,109,2,34,11,21,0,1,13,0
49,60,109,In,-86489.526,8513.1027,19065.495,12660.7683,10441.0156,4526.0742,-1843.5933,-3859.3453,,,,,,,49,60,109,1,33,10,22,1,0,11,0
50,59,109,Sn,-82630.18,8470.5183,20260.5778,10217.7971,8631.5497,5799.3233,-721.2469,-6379.194,,,,,,,50,59,109,0,32,9,23,0,1,9,0
51,58,109,Sb,-76250.986,8404.8161,21740.3741,7262.2617,11876.9636,1470.0087,964.6798,-8535.5871,,,,,,,51,58,109,1,31,8,24,1,0,9,0
52,57,109,Te,-67715.399,8319.3305,23201.0,3781.1028,10005.0412,2559.0296,3197.6861,-10042.8941,,,,,,,52,57,109,2,30,7,25,0,1,9,0
53,56,109,I,-57672.505,8220.0164,24385.0,1597.199,12973.0,-820.1999,3918.0699,-11502.9589,,,,,,,53,56,109,3,29,6,26,1,0,9,0
54,55,109,Xe,-46169.546,8107.3071,,90.0,11608.5079,687.0,4217.0463,,,,,,,,54,55,109,4,28,5,27,0,1,9,0
40,70,110,Zr,-42220.0,8171.0,7413.0,,4561.0,17029.0,-10344.0,10090.0,,,,,,,40,70,110,10,42,20,12,0,0,22,1
41,69,110,Nb,-52309.914,8255.2607,8907.3528,30108.0,3691.4328,13869.0,-8944.0,12225.9002,,,,,,,41,69,110,9,41,19,13,1,1,22,0
42,68,110,Mo,-64535.814,8359.293,9929.1532,28164.0,5947.8479,15134.986,-8211.0,6498.7491,,,,,599.6914,2.805298192926076,42,68,110,8,40,18,14,0,0,22,1
43,67,110,Tc,-71034.564,8411.2603,11254.3692,26067.308,4823.0531,11664.25,-7256.8012,9038.0654,,,,,,,43,67,110,7,39,17,15,1,1,22,0
44,66,110,Ru,-80072.629,8486.3123,12553.8611,23901.2737,7405.4918,13078.7716,-6369.5417,2756.0638,240.71,1.107,0.299,469.0,663.359,2.755522601334231,44,66,110,6,38,16,16,0,0,22,1
45,65,110,Rh,-82828.693,8504.2551,13940.1732,21483.8044,5900.7599,9379.2087,-5477.3562,5502.2116,,,,,,,45,65,110,5,37,15,17,1,1,20,0
46,64,110,Pd,-88330.904,8547.163,14949.3252,19247.4425,8795.7387,10620.6245,-4432.5678,-873.5982,373.8,0.64,0.218,121.0,920.781,2.463252427054603,46,64,110,4,36,14,18,0,0,18,1
47,63,110,Ag,-87457.306,8532.1089,15993.1508,17004.0926,6809.1936,7139.7935,-3519.5657,2890.6633,,,,,,,47,63,110,3,35,13,19,1,1,16,0
48,62,110,Cd,-90347.969,8551.2755,17238.183,15401.6963,9914.9571,8917.5099,-2865.3425,-3878.0,657.7645,0.501,0.1847,9.04,1542.444114,2.3449870693488246,48,62,110,2,34,12,20,0,0,14,1
49,61,110,In,-86469.969,8508.9087,18492.7774,13441.1201,8051.7618,5254.6101,-1952.4859,-627.9769,,,,,,,49,61,110,1,33,11,21,1,1,12,0
50,60,110,Sn,-85841.993,8496.0875,19914.6798,11167.5121,11283.1301,6641.4378,-1134.7556,-8392.248,1211.88,0.232,0.1207,0.56,2197.051,1.8127049765310896,50,60,110,0,32,10,22,0,0,10,1
51,59,110,Sb,-77449.745,8412.6821,21147.0398,7907.8584,9270.0761,2108.5351,733.4893,-5219.924,,,,,,,51,59,110,1,31,9,23,1,1,10,0
52,58,110,Te,-72229.821,8358.116,22590.7804,4737.8138,12585.7392,3267.8051,2698.9612,-11761.9766,657.7,0.46,0.163,5.7,1401.84,2.1329519346347547,52,58,110,2,30,8,24,0,0,10,1
53,57,110,I,-60467.844,8244.0767,23839.0,2600.4452,10866.6567,41.4156,3580.5414,-8545.2075,,,,,,,53,57,110,3,29,7,25,1,1,10,0
54,56,110,Xe,-51922.636,8159.2808,25432.9161,718.9023,13824.4081,1539.1022,3872.2066,,469.7,0.971,0.2257,22.5,1113.14,2.369885587031778,54,56,110,4,28,6,26,0,0,10,1
40,71,111,Zr,-36480.0,8118.0,6893.0,,2331.0,,-10655.0,12480.0,,,,,,,40,71,111,10,42,21,11,0,1,21,0
41,70,111,Nb,-48960.0,8223.0,8413.0,31058.0,4722.0,14029.0,-9415.0,10980.0,,,,,,,41,70,111,9,41,20,12,1,0,21,0
42,69,111,Mo,-59939.813,8315.2932,9423.165,28788.0,3475.3171,14918.8702,-8345.0,9084.862,,,,,,,42,69,111,8,40,19,13,0,1,21,0
43,68,111,Tc,-69024.675,8390.0906,10884.4831,26912.818,6061.43,11777.832,-7725.7868,7760.65,,,,,,,43,68,111,7,39,18,14,1,0,21,0
44,67,111,Ru,-76785.325,8452.9582,12189.5063,24703.9829,4784.0145,13039.7329,-6665.2664,5518.5456,,,,,,,44,67,111,6,38,17,15,0,1,21,0
45,66,111,Rh,-82303.871,8495.6267,13447.2561,22598.9846,7546.4963,9520.2131,-5978.8199,3682.0153,,,,,,,45,66,111,5,37,16,16,1,0,21,0
46,65,111,Pd,-85985.886,8521.7498,14522.0387,19825.3732,5726.3,10446.1646,-4548.2367,2229.5607,,,,,,,46,65,111,4,36,15,17,0,1,19,0
47,64,111,Ag,-88215.447,8534.7878,15638.6525,17794.1382,8829.4589,7173.5137,-3776.6517,1036.8,,,,,,,47,64,111,3,35,14,18,1,0,17,0
48,63,111,Cd,-89252.247,8537.0801,16890.5527,16223.7054,6975.5956,9083.9119,-3304.5091,-860.1972,,,,,,,48,63,111,2,34,13,19,0,1,15,0
49,62,111,In,-88392.05,8522.2824,18045.1602,14250.5613,9993.3984,5333.0514,-2410.2661,-2453.4692,,,,,,,49,62,111,1,33,12,20,1,0,13,0
50,61,111,Sn,-85938.581,8493.131,19451.0363,12012.1923,8167.9061,6757.5822,-1373.171,-5101.834,,,,,,,50,61,111,0,32,11,21,0,1,11,0
51,60,111,Sb,-80836.747,8440.1203,20728.3963,8925.163,11458.3202,2283.7251,305.0044,-7249.2597,,,,,,,51,60,111,1,31,10,22,1,0,11,0
52,59,111,Te,-73587.487,8367.7635,22014.7236,5535.2486,9428.9845,3426.7135,2499.836,-8633.6922,,,,,,,52,59,111,2,30,9,23,0,1,11,0
53,58,111,I,-64953.795,8282.9343,23423.9256,3280.7504,12557.2689,12.9453,3274.5378,-10434.0,,,,,,,53,58,111,3,29,8,24,1,0,11,0
54,57,111,Xe,-54520.0,8182.0,24493.0,1383.0,10669.0,1341.0,3712.1503,-11620.0,,,,,,,54,57,111,4,28,7,25,0,1,11,0
55,56,111,Cs,-42900.0,8070.0,,-195.0,,-1734.0,4105.0,,,,,,,,55,56,111,5,27,6,26,1,0,11,0
40,72,112,Zr,-32420.0,8081.0,6342.0,,4011.0,,,11650.0,,,,,,,40,72,112,10,42,22,10,0,0,20,1
41,71,112,Nb,-44070.0,8178.0,7903.0,,3181.0,14879.0,-9715.0,13410.0,,,,,,,41,71,112,9,41,21,11,1,1,20,0
42,70,112,Mo,-57480.0,8291.0,9087.0,29838.0,5611.0,15808.0,-8955.0,7779.0,,,,,,,42,70,112,8,40,20,12,0,0,20,1
43,69,112,Tc,-65258.932,8353.6217,10367.0046,27526.9599,4305.5747,12608.0896,-8138.6503,10371.9409,,,,,,,43,69,112,7,39,19,13,1,1,20,0
44,68,112,Ru,-75630.873,8439.2431,11700.8801,25673.0006,6916.8656,13895.1685,-7306.4913,4100.179,,,,,644.972,2.7249467239226064,44,68,112,6,38,18,14,0,0,20,1
45,67,112,Rh,-79731.052,8468.8666,13044.9952,23274.4305,5498.499,10234.6975,-6233.1373,6589.9874,,,,,,,45,67,112,5,37,17,15,1,1,20,0
46,66,112,Pd,-86321.039,8520.7205,14132.771,20826.3524,8406.4711,11306.1394,-5084.5511,262.6897,348.79,0.83,0.245,118.0,882.9616,2.532433625412399,46,66,112,4,36,16,16,0,0,20,1
47,65,112,Ag,-86583.729,8516.0807,15269.059,18332.9783,6439.6,7886.8138,-3977.4892,3991.1283,,,,,,,47,65,112,3,35,15,17,1,1,18,0
48,64,112,Cd,-90574.857,8544.7306,16369.524,16821.8951,9393.9283,9648.3813,-3475.5579,-2584.7306,617.52,0.536,0.1888,13.94,1415.48025,1.078550878290217,48,64,112,2,34,14,18,0,0,16,1
49,63,112,In,-87990.127,8514.6674,17662.7934,15110.7627,7669.395,6026.8508,-2808.2511,664.9224,,,,,,,49,63,112,1,33,13,19,1,1,14,0
50,62,112,Sn,-88655.049,8513.6189,18955.6928,12885.0218,10787.7866,7551.9704,-1827.5424,-7056.076,1256.85,0.215,0.1147,0.511,2247.396,1.788339882262508,50,62,112,0,32,12,20,0,0,12,1
51,61,112,Sb,-81598.973,8443.633,20291.8647,9706.9458,8833.5446,2949.3636,95.9392,-4031.455,,,,,,,51,61,112,1,31,11,21,1,1,12,0
52,60,112,Te,-77567.518,8400.6527,21480.3337,6303.4677,12051.3493,4019.7426,2077.5148,-10504.1795,689.01,0.556,0.1774,4.09,1476.13,2.1424175836935166,52,60,112,2,30,10,22,0,0,12,1
53,59,112,I,-67063.339,8299.8801,22738.1308,4191.5362,10180.8619,764.8227,2957.0864,-7036.991,,,,,,,53,59,112,3,29,9,23,1,1,12,0
54,58,112,Xe,-60026.348,8230.0646,24246.3472,2374.4692,13578.0,2361.5239,3330.4128,-13612.0,466.0,0.971,0.2257,22.5,1122.13,2.40799395710748,54,58,112,4,28,8,24,0,0,12,1
55,57,112,Cs,-46415.0,8102.0,,525.0,11586.0,-816.2864,3931.4368,,,,,,,,55,57,112,5,27,7,25,1,1,12,0
40,73,113,Zr,-26340.0,8027.0,6002.0,,1991.0,,,13870.0,,,,,,,40,73,113,10,42,23,9,0,1,19,0
41,72,113,Nb,-40210.0,8143.0,7392.0,,4211.0,15079.0,-10154.0,12440.0,,,,,,,41,72,113,9,41,22,10,1,0,19,0
42,71,113,Mo,-52650.0,8246.0,8853.0,30748.0,3242.0,15869.0,-9345.0,10162.0,,,,,,,42,71,113,8,40,21,11,0,1,19,0
43,70,113,Tc,-62811.549,8329.4652,9929.5094,28429.0,5623.9347,12621.0,-8546.665,9056.2674,,,,,,,43,70,113,7,39,20,12,1,0,19,0
44,69,113,Ru,-71867.816,8402.6857,11225.1268,26505.9447,4308.2612,13897.8551,-7633.4473,6899.1276,,,,,,,44,69,113,6,38,19,13,0,1,19,0
45,68,113,Rh,-78766.944,8456.8165,12605.7089,24320.2104,7107.2099,10425.0419,-6909.0311,4823.5559,,,,,,,45,68,113,5,37,18,14,1,0,19,0
46,67,113,Pd,-83590.5,8492.5795,13747.2495,21383.1163,5340.7784,11148.4188,-5276.9603,3436.3252,,,,,,,46,67,113,4,36,17,15,0,1,19,0
47,66,113,Ag,-87026.825,8516.066,14954.0139,19300.896,8514.4139,7994.7566,-4452.4897,2016.4615,,,,,,,47,66,113,3,35,16,16,1,0,19,0
48,65,113,Cd,-89043.286,8526.9874,15933.6755,17635.3422,6539.7471,9748.5284,-3861.7185,323.837,,,,,,,48,65,113,2,34,15,17,0,1,17,0
49,64,113,In,-89367.123,8522.9297,17117.7097,15729.6185,9448.3147,6081.2372,-3072.6086,-1038.9941,,,,,,,49,64,113,1,33,14,18,1,0,15,0
50,63,113,Sn,-88328.129,8506.8117,18532.1848,13653.8244,7744.3982,7626.9736,-2248.7147,-3911.1637,,,,,,,50,63,113,0,32,13,19,0,1,13,0
51,62,113,Sb,-84416.966,8465.2762,19722.8551,10602.8579,10889.3105,3050.8874,-352.3556,-6069.9281,,,,,,,51,62,113,1,31,12,20,1,0,13,0
52,61,113,Te,-78347.037,8404.6366,20902.1867,6986.3989,8850.8374,4037.0354,1858.2272,-7227.521,,,,,,,52,61,113,2,30,11,21,0,1,13,0
53,60,113,I,-71119.517,8333.7528,22308.3579,4860.712,12127.496,840.9694,2706.5541,-8915.8902,,,,,,,53,60,113,3,29,10,22,1,0,13,0
54,59,113,Xe,-62203.626,8247.9277,23826.0,3194.0815,10248.5967,2429.2587,3086.8573,-10439.0876,,,,,,,54,59,113,4,28,9,23,0,1,13,0
55,58,113,Cs,-51764.539,8148.623,25007.0,1388.686,13421.0,-972.8379,3483.0508,-12055.0,,,,,,,55,58,113,5,27,8,24,1,0,13,0
56,57,113,Ba,-39710.0,8035.0,,-233.0,,584.0,4035.0,,,,,,,,56,57,113,6,26,7,25,0,1,13,0
41,73,114,Nb,-34960.0,8097.0,7033.0,,2821.0,15909.0,,14720.0,,,,,,,41,73,114,9,41,23,9,1,1,18,0
42,72,114,Mo,-49680.0,8219.0,8343.0,31839.0,5102.0,16759.0,-9885.0,8920.0,,,,,,,42,72,114,8,40,22,10,0,0,18,1
43,71,114,Tc,-58600.294,8290.2599,9483.998,29108.0,3860.0633,13239.0,-8715.2955,11620.919,,,,,,,43,71,114,7,39,21,11,1,1,18,0
44,70,114,Ru,-70221.213,8385.3351,10732.9761,27319.0,6424.7149,14698.6353,-8110.3143,5489.0622,,,,,708.23,2.6706341110977454,44,70,114,6,38,20,12,0,0,18,1
45,69,114,Rh,-75710.275,8426.6221,12121.8594,25029.2853,5014.6495,11131.4302,-7100.6275,7780.0712,,,,,,,45,69,114,5,37,19,13,1,1,18,0
46,68,114,Pd,-83490.346,8488.0056,13311.9433,22437.4156,7971.1649,12012.3738,-5842.6333,1440.4642,332.5,0.57,0.201,153.0,852.3716,2.56266810177655,46,68,114,4,36,18,14,0,0,18,1
47,67,114,Ag,-84930.811,8493.7786,14489.7178,19777.7009,5975.3039,8629.2821,-4527.0337,5084.1233,,,,,,,47,67,114,3,35,17,15,1,1,18,0
48,66,114,Cd,-90014.934,8531.5135,15582.7127,18271.8367,9042.9656,10277.0801,-4108.9454,-1445.1268,558.456,0.58,0.194,19.59,1283.7398,2.298729604935893,48,66,114,2,34,16,16,0,0,18,1
49,65,114,In,-88569.807,8511.9742,16722.3165,16564.0203,7274.0018,6815.4918,-3537.4168,1989.9281,,,,,,,49,65,114,1,33,15,17,1,1,16,0
50,64,114,Sn,-90559.735,8522.5671,18047.3222,14562.82,10302.924,8481.5829,-2636.6816,-6063.1189,1299.907,0.2062,0.111,0.546,2187.60211,1.682890339060227,50,64,114,0,32,14,18,0,0,14,1
51,63,114,Sb,-84496.616,8462.5191,19040.2793,11084.4317,8150.9688,3457.4581,-451.5627,-2606.9398,,,,,,,51,63,114,1,31,13,19,1,1,14,0
52,62,114,Te,-81889.676,8432.7885,20464.7945,7812.5694,11613.9571,4761.682,1527.4002,-9250.7417,708.74,0.57,0.175,8.8,1483.8324,2.093615796450469,52,62,114,2,30,12,20,0,0,14,1
53,61,114,I,-72638.935,8344.779,21718.2323,5617.9037,9590.7363,1580.8684,2385.8939,-5553.036,,,,,,,53,61,114,3,29,11,21,1,1,14,0
54,60,114,Xe,-67085.899,8289.2054,23202.1872,4096.3227,12953.5905,3255.3533,2719.006,-12399.9706,450.08,1.211,0.2492,35.1,1069.13,2.375412119438707,54,60,114,4,28,10,22,0,0,14,1
55,59,114,Cs,-54685.928,8173.5711,24414.0,2200.5317,10992.7075,-228.7271,3356.9999,-8780.4915,,,,,,,55,59,114,5,27,9,23,1,1,14,0
56,58,114,Ba,-45905.437,8089.6865,,457.0311,14267.0,1429.869,3592.284,,,,,,,,56,58,114,6,26,8,24,0,0,14,1
41,74,115,Nb,-30880.0,8061.0,6813.0,,3991.0,,,13670.0,,,,,,,41,74,115,9,41,24,8,1,0,17,0
42,73,115,Mo,-44550.0,8173.0,8042.0,32788.0,2941.0,16879.0,-10494.0,11247.0,,,,,,,42,73,115,8,40,23,9,0,1,17,0
43,72,115,Tc,-55796.0,8264.0,9128.0,30165.0,5268.0,13405.0,-9261.0,10309.0,,,,,,,43,72,115,7,39,22,10,1,0,17,0
44,71,115,Ru,-66105.296,8346.814,10380.1156,28033.0,3955.4006,14793.9726,-8590.3979,8123.9327,,,,,,,44,71,115,6,38,21,11,0,1,17,0
45,70,115,Rh,-74229.228,8410.6538,11604.9206,25995.6216,6590.2711,11296.9863,-7629.4686,6196.5938,,,,,,,45,70,115,5,37,20,12,1,0,17,0
46,69,115,Pd,-80425.822,8457.7342,12977.9585,23135.948,5006.7936,12004.5179,-6065.4124,4556.7647,,,,,,,46,69,115,4,36,19,13,0,1,17,0
47,68,115,Ag,-84982.587,8490.5553,14098.398,20793.5851,8123.0941,8781.2113,-5103.6316,3101.893,,,,,,,47,68,115,3,35,18,14,1,0,17,0
48,67,115,Cd,-88084.48,8510.7252,15183.8295,19071.9222,6140.8639,10442.6401,-4523.5093,1451.8768,,,,,,,48,67,115,2,34,17,15,0,1,17,0
49,66,115,In,-89536.357,8516.5472,16311.8692,17087.4738,9037.8675,6810.3937,-3745.8253,497.4892,,,,,,,49,66,115,1,33,16,16,1,0,17,0
50,65,115,Sn,-90033.846,8514.0702,17848.3525,15568.5015,7545.4285,8753.0096,-3206.5145,-3030.4336,,,,,,,50,65,115,0,32,15,17,0,1,15,0
51,64,115,Sb,-87003.412,8480.9156,18729.0827,12214.2308,10578.1139,3732.648,-1036.2782,-4940.6447,,,,,,,51,64,115,1,31,14,18,1,0,15,0
52,63,115,Te,-82062.767,8431.1504,19858.3661,8312.5803,8244.409,4855.1222,1450.8973,-5724.9628,,,,,,,52,63,115,2,30,13,19,0,1,15,0
53,62,115,I,-76337.805,8374.5651,21360.9243,6498.7812,11770.188,1737.0992,2074.0261,-7681.0475,,,,,,,53,62,115,3,29,12,20,1,0,15,0
54,61,115,Xe,-68656.757,8300.9704,22595.7671,4887.6619,9642.1765,3306.7935,2505.8139,-8957.0,,,,,,,54,61,115,4,28,11,21,0,1,15,0
55,60,115,Cs,-59699.0,8216.0,24078.0,3158.0,13085.0,-97.0,2829.0,-10779.0,,,,,,,55,60,115,5,27,10,22,1,0,15,0
56,59,115,Ba,-48920.0,8116.0,25353.0,1295.0,11086.0,1523.0,3175.0,,,,,,,,56,59,115,6,26,9,23,0,1,15,0
41,75,116,Nb,-25230.0,8012.0,6413.0,,2422.0,,,15980.0,,,,,,,41,75,116,9,41,25,7,1,1,16,0
42,74,116,Mo,-41210.0,8143.0,7673.0,,4732.0,17619.0,-11215.0,10003.0,,,,,,,42,74,116,8,40,24,8,0,0,16,1
43,73,116,Tc,-51214.0,8223.0,8756.0,30832.0,3488.0,13953.0,-9569.0,12855.0,,,,,,,43,73,116,7,39,23,9,1,1,16,0
44,72,116,Ru,-64068.917,8326.884,9990.3403,28967.0,6034.9397,15561.0,-9014.0,6666.8252,,,,,760.14,2.599372640691634,44,72,116,6,38,22,10,0,0,16,1
45,71,116,Rh,-70735.742,8377.6123,11168.1033,26713.3905,4577.8322,11919.4179,-7901.7262,9095.2839,,,,,,,45,71,116,5,37,21,11,1,1,16,0
46,70,116,Pd,-79831.026,8449.2755,12483.316,24187.7555,7476.5223,12890.7692,-6625.0692,2711.6378,,,,,877.5812,2.5790882480868023,46,70,116,4,36,20,12,0,0,16,1
47,69,116,Ag,-82542.664,8465.9073,13754.4895,21410.331,5631.3954,9405.8131,-5236.528,6169.8248,,,,,,,47,69,116,3,35,19,13,1,1,16,0
48,68,116,Cd,-88712.489,8512.3511,14840.1911,19800.0846,8699.3272,11018.8732,-4816.3654,-462.7305,513.49,0.578,0.1915,25.4,1219.44818,2.3748229250356605,48,68,116,2,34,18,14,0,0,16,1
49,67,116,In,-88249.758,8501.6177,15822.5874,17896.8899,6784.72,7454.2498,-4090.9453,3276.2204,,,,,,,49,67,116,1,33,17,15,1,1,16,0
50,66,116,Sn,-91525.979,8523.1166,17108.8797,16088.987,9563.4512,9278.5934,-3376.0374,-4703.9591,1293.56,0.207,0.11,0.701,2390.87918,1.8482928517932824,50,66,116,0,32,16,16,0,0,16,1
51,65,116,Sb,-86822.02,8475.8208,18468.0396,12830.1548,7889.9257,4077.1451,-1256.8089,-1558.2272,,,,,,,51,65,116,1,31,15,17,1,1,16,0
52,64,116,Te,-85263.793,8455.6435,19516.7522,9281.9994,11272.3432,5549.3514,966.3408,-7843.1388,678.92,0.57,0.175,8.8,1359.3915,2.002276399532789,52,64,116,2,30,14,18,0,0,16,1
53,63,116,I,-77420.654,8381.2858,20924.3551,7501.9795,9154.1671,2646.8573,1753.4036,-4373.7764,,,,,,,53,63,116,3,29,13,19,1,1,16,0
54,62,116,Xe,-73046.877,8336.8365,22103.6147,5735.143,12461.4382,3998.0437,2095.725,-11004.0,393.6,1.383,0.2633,65.6,917.93,2.3320207306539302,54,62,116,4,28,12,20,0,0,16,1
55,61,116,Cs,-62043.0,8235.0,23499.0,3982.0,10414.0,675.0,2596.0,-7663.0,,,,,,,55,61,116,5,27,11,21,1,1,16,0
56,60,116,Ba,-54380.0,8162.0,24617.0,1872.0,13531.0,1969.0,3222.0,-14330.0,,,,,,,56,60,116,6,26,10,22,0,0,16,1
57,59,116,La,-40050.0,8032.0,,-58.0,,-1581.0,3940.0,,,,,,,,57,59,116,7,25,9,23,1,1,16,0
42,75,117,Mo,-35689.0,8096.0,7282.0,,2550.0,17748.0,-11774.0,12450.0,,,,,,,42,75,117,8,40,25,7,0,1,15,0
43,74,117,Tc,-48140.0,8195.0,8486.0,31838.0,4997.0,14218.0,-10355.0,11350.0,,,,,,,43,74,117,7,39,24,8,1,0,15,0
44,73,117,Ru,-59489.871,8285.5625,9527.2114,29518.0,3492.2718,15565.0,-9265.0,9406.8875,,,,,,,44,73,117,6,38,23,9,0,1,15,0
45,72,117,Rh,-68896.758,8359.2766,10810.1663,27678.0,6232.334,12116.8123,-8510.1255,7527.1313,,,,,,,45,72,117,5,37,22,10,1,0,15,0
46,71,117,Pd,-76423.89,8416.9243,12140.7037,24896.5362,4664.1814,12977.1183,-6980.9894,5758.0284,,,,,,,46,71,117,4,36,21,11,0,1,15,0
47,70,117,Ag,-82181.918,8459.4515,13341.9674,22530.6319,7710.572,9639.8627,-5839.8901,4236.479,,,,,,,47,70,117,3,35,20,12,1,0,15,0
48,69,117,Cd,-86418.397,8488.974,14476.5534,20570.5171,5777.2262,11164.704,-5252.8132,2524.6381,,,,,,,48,69,117,2,34,19,13,0,1,15,0
49,68,117,In,-88943.035,8503.8653,15549.3147,18538.3905,8764.5947,7519.5173,-4341.1261,1454.7073,,,,,,,49,68,117,1,33,18,14,1,0,15,0
50,67,117,Sn,-90397.742,8509.612,16506.5328,16891.2048,6943.0816,9436.955,-3779.3719,-1758.1788,,,,,,,50,67,117,0,32,17,15,0,1,15,0
51,66,117,Sb,-88639.564,8487.8981,17778.7876,13681.1492,9888.8619,4402.5559,-1697.3561,-3544.0634,,,,,,,51,66,117,1,31,16,16,1,0,17,0
52,65,117,Te,-85095.5,8450.9203,19175.3689,9639.5967,7903.0258,5562.4516,807.7132,-4656.9321,,,,,,,52,65,117,2,30,15,17,0,1,17,0
53,64,117,I,-80438.568,8404.4307,20243.3996,8013.0981,11089.2325,2463.7467,1553.4816,-6253.2213,,,,,,,53,64,117,3,29,14,18,1,0,17,0
54,63,117,Xe,-74185.347,8344.2976,21671.2258,6700.5215,9209.7876,4053.6642,1736.7748,-7692.2462,,,,,,,54,63,117,4,28,13,19,0,1,17,0
55,62,117,Cs,-66493.101,8271.8652,22936.0,4733.2381,12522.0,735.1944,2201.5,-9035.1943,,,,,,,55,62,117,5,27,12,20,1,0,17,0
56,61,117,Ba,-57457.906,8187.9546,24680.0,3379.0913,11150.0,2704.0,2320.8041,-11187.0,,,,,,,56,61,117,6,26,11,21,0,1,17,0
57,60,117,La,-46271.0,8086.0,,1149.0,14292.0,-820.0999,3069.0,,,,,,,,57,60,117,7,25,10,22,1,0,17,0
42,76,118,Mo,-32370.0,8067.0,7303.0,,4752.0,,,10920.0,,,,,,,42,76,118,8,40,26,6,0,0,14,1
43,75,118,Tc,-43290.0,8153.0,8219.0,32638.0,3222.0,14890.0,-10755.0,13710.0,,,,,,,43,75,118,7,39,25,7,1,1,14,0
44,74,118,Ru,-57000.0,8263.0,9074.0,30368.0,5581.0,16149.0,-9745.0,7887.0,,,,,809.94,2.472117937917773,44,74,118,6,38,24,8,0,0,14,1
45,73,118,Rh,-64886.84,8322.8539,10293.7333,28251.0,4061.3992,12685.9397,-8711.4614,10501.5182,,,,,,,45,73,118,5,37,23,9,1,1,14,0
46,72,118,Pd,-75388.358,8405.2197,11699.9676,25897.3827,7035.7862,13780.5705,-7592.0606,4165.4444,,,,,953.1914,2.517607564512295,46,72,118,4,36,22,10,0,0,14,1
47,71,118,Ag,-79553.802,8433.89,13153.7742,23396.0019,5443.2022,10418.8836,-6268.4428,7147.8469,,,,,,,47,71,118,3,35,21,11,1,1,14,0
48,70,118,Cd,-86701.649,8487.835,14131.7962,21448.5648,8354.5701,11808.7021,-5636.2184,526.5277,487.77,0.473,0.171,25.9,1164.949,2.388277044065128,48,70,118,2,34,20,12,0,0,14,1
49,69,118,In,-87228.177,8485.667,15121.0544,19263.4547,6356.4596,8098.7507,-4722.2819,4424.6664,,,,,,,49,69,118,1,33,19,13,1,1,14,0
50,68,118,Sn,-91652.843,8516.5341,16269.5003,17518.2963,9326.4187,9998.779,-4062.825,-3656.6393,1229.666,0.1975,0.1063,0.937,2280.34221,1.8544400782729515,50,68,118,0,32,18,14,0,0,14,1
51,67,118,Sb,-87996.204,8478.9156,17316.8201,14324.3874,7427.9581,4887.4324,-1851.3124,-305.4459,,,,,,,51,67,118,1,31,17,15,1,1,16,0
52,66,118,Te,-87690.758,8469.697,18569.6014,10742.7211,10666.5756,6340.1653,444.0616,-6719.7015,605.706,0.685,0.1903,10.71,1206.423,1.9917626730583244,52,66,118,2,30,16,16,0,0,18,1
53,65,118,I,-80971.056,8406.1203,19693.0388,8726.9787,8603.8063,3164.5272,1100.6441,-2891.9893,,,,,,,53,65,118,3,29,15,17,1,1,18,0
54,64,118,Xe,-78079.067,8374.9819,21174.8259,7393.2167,11965.0383,4929.47,1385.6935,-9669.6905,337.32,1.739,0.292,65.2,810.2716,2.402076595815325,54,64,118,4,28,14,18,0,0,18,1
55,63,118,Cs,-68409.377,8286.4053,22509.0,5566.665,9987.594,1513.0009,1804.6423,-6210.0,,,,,,,55,63,118,5,27,13,19,1,1,18,0
56,62,118,Ba,-62200.0,8227.0,23963.0,3731.0,12813.0,2995.0,2461.0,-12580.0,194.0,2.34,0.323,510.0,554.0,2.855670103092784,56,62,118,6,26,12,20,0,0,18,1
57,61,118,La,-49620.0,8114.0,25713.0,2155.0,11420.0,-549.0,2641.0,,,,,,,,57,61,118,7,25,11,21,1,1,18,0
42,77,119,Mo,-26580.0,8019.0,7034.0,,2281.0,,,13590.0,,,,,,,42,77,119,8,40,27,5,0,1,13,0
43,76,119,Tc,-40170.0,8126.0,8173.0,,4951.0,15088.0,-11715.0,11910.0,,,,,,,43,76,119,7,39,26,6,1,0,13,0
44,75,119,Ru,-52080.0,8220.0,8733.0,30969.0,3151.0,16079.0,-9955.0,10743.0,,,,,,,44,75,119,6,38,25,7,0,1,13,0
45,74,119,Rh,-62822.802,8303.3953,10068.6798,29261.0,6007.2806,13112.0,-9451.0,8584.4751,,,,,,,45,74,119,5,37,24,8,1,0,13,0
46,73,119,Pd,-71407.277,8368.9594,11126.0236,26495.3484,4090.2374,13809.4086,-7726.8974,7238.4816,,,,,,,46,73,119,4,36,23,9,0,1,13,0
47,72,119,Ag,-78645.759,8423.2126,12606.4768,24326.9425,7163.2746,10546.372,-6841.4463,5331.1799,,,,,,,47,72,119,3,35,22,10,1,0,13,0
48,71,119,Cd,-83976.939,8461.4381,13701.1777,22130.9911,5346.6077,11712.1075,-5976.0325,3721.7197,,,,,,,48,71,119,2,34,21,11,0,1,13,0
49,70,119,In,-87698.658,8486.1387,14898.2593,20094.6825,8541.7997,8285.9804,-5140.9875,2366.3263,,,,,,,49,70,119,1,33,20,12,1,0,13,0
50,69,119,Sn,-90064.985,8499.4494,15809.8783,18224.5297,6483.4596,10125.779,-4405.4207,-589.4452,,,,,,,50,69,119,0,32,19,13,0,1,13,0
51,68,119,Sb,-89475.539,8487.9218,16978.6119,15110.4464,9550.6538,5111.6674,-2364.0987,-2293.0,,,,,,,51,68,119,1,31,18,14,1,0,15,0
52,67,119,Te,-87182.539,8462.0785,18229.6753,11362.7391,7563.0996,6475.3068,426.3905,-3404.808,,,,,,,52,67,119,2,30,17,15,0,1,17,0
53,66,119,I,-83777.731,8426.8924,19481.7994,9716.1099,10877.9931,3375.9446,800.7649,-4983.2433,,,,,,,53,66,119,3,29,16,16,1,0,19,0
54,65,119,Xe,-78794.488,8378.442,20751.7774,8276.93,8786.7391,5112.4029,843.3634,-6489.4269,,,,,,,54,65,119,4,28,15,17,0,1,19,0
55,64,119,Cs,-72305.061,8317.3347,21954.5967,6444.4352,11967.0027,1514.9652,1607.8276,-7714.9651,,,,,,,55,64,119,5,27,14,18,1,0,19,0
56,63,119,Ba,-64590.096,8245.9287,23274.8259,4982.6914,10462.0,3469.6905,1641.7452,-9570.0,,,,,,,56,63,119,6,26,13,19,0,1,19,0
57,62,119,La,-55020.0,8159.0,24892.0,3104.0,13471.0,109.0,2255.0,-11199.0,,,,,,,57,62,119,7,25,12,20,1,0,19,0
58,61,119,Ce,-43820.0,8058.0,,940.0,,1489.0,2675.0,,,,,,,,58,61,119,8,24,11,21,0,1,19,0
43,77,120,Tc,-35000.0,8083.0,7852.0,,2902.0,15709.0,-12194.0,14720.0,,,,,,,43,77,120,7,39,27,5,1,1,12,0
44,76,120,Ru,-49720.0,8199.0,8863.0,31928.0,5712.0,16840.0,-10935.0,8899.0,,,,,,,44,76,120,6,38,26,6,0,0,12,1
45,75,120,Rh,-58620.0,8266.0,9876.0,29908.0,3868.0,13829.0,-9831.0,11660.0,,,,,,,45,75,120,5,37,25,7,1,1,12,0
46,74,120,Pd,-70279.604,8357.0817,11033.8826,27858.0,6943.6452,14745.7732,-8635.6029,5371.9076,,,,,1056.515,2.4120796328850944,46,74,120,4,36,24,8,0,0,12,1
47,73,120,Ag,-75651.512,8395.3281,12240.3458,25342.6144,5077.0712,11533.2058,-7340.6853,8305.8535,,,,,,,47,73,120,3,35,23,9,1,1,12,0
48,72,120,Cd,-83957.365,8458.024,13398.3524,23146.9497,8051.7448,12600.5777,-6551.2549,1770.3754,505.94,0.44,0.163,15.4,1203.73,2.379187167217092,48,72,120,2,34,22,10,0,0,12,1
49,71,120,In,-85727.741,8466.2575,14642.2002,20751.8807,6100.4005,9039.7732,-5609.9926,5370.0,,,,,,,49,71,120,1,33,21,11,1,1,12,0
50,70,120,Sn,-91097.741,8504.488,15587.5338,18974.0339,9104.0742,10688.0535,-4810.1677,-2680.6076,1171.265,0.1887,0.1027,1.12,2194.29921,1.873443609245951,50,70,120,0,32,20,12,0,0,12,1
51,69,120,Sb,-88417.133,8475.63,16563.5656,15766.8986,7012.9118,5641.1197,-2592.2906,945.0271,,,,,,,51,69,120,1,31,19,13,1,1,14,0
52,68,120,Te,-89362.16,8476.9857,17814.0386,12287.2594,10250.9389,7175.5919,-261.0973,-5615.0,560.438,0.65,0.1834,10.93,1161.563,2.0725978350512158,52,68,120,2,30,18,14,0,0,16,1
53,67,120,I,-83747.16,8423.6745,18918.7401,10328.8987,8040.7469,3853.5919,649.9436,-1574.726,,,,,,,53,67,120,3,29,17,15,1,1,18,0
54,66,120,Xe,-82172.434,8404.0322,20236.0033,9059.6186,11449.2642,5683.6739,666.4424,-8283.7857,332.61,1.349,0.2544,73.6,796.164,2.467853223976641,54,66,120,4,28,16,16,0,0,20,1
55,65,120,Cs,-73888.649,8328.4811,21621.908,7495.5343,9654.9054,2383.1315,1107.0893,-5000.0,,,,,,,55,65,120,5,27,15,17,1,1,20,0
56,64,120,Ba,-68888.649,8280.2949,22832.0,5387.5236,12369.8705,3872.5584,1733.3129,-11319.0,186.0,2.34,0.323,510.0,544.015,2.9246545884629858,56,64,120,6,26,14,18,0,0,20,1
57,63,120,La,-57570.0,8179.0,24093.0,3739.0,10622.0,269.0,2048.0,-7840.0,,,,,,,57,63,120,7,25,13,19,1,1,20,0
58,62,120,Ce,-49730.0,8108.0,,2108.0,13981.0,1999.0,2225.0,,,,,,,,58,62,120,8,24,12,20,0,0,20,1
43,78,121,Tc,-31540.0,8054.0,7513.0,,4612.0,,,13080.0,,,,,,,43,78,121,7,39,28,4,1,0,11,0
44,77,121,Ru,-44620.0,8156.0,8683.0,32618.0,2971.0,16909.0,-11356.0,11630.0,,,,,,,44,77,121,6,38,27,5,0,1,11,0
45,76,121,Rh,-56250.134,8245.2397,9569.9685,30658.0,5702.0,13819.0,-10535.0,9932.203,,,,,,,45,76,121,5,37,26,6,1,0,11,0
46,75,121,Pd,-66182.337,8320.8584,10917.6964,28680.0,3974.0512,14851.0,-9117.3824,8220.4934,,,,,,,46,75,121,4,36,25,7,0,1,11,0
47,74,121,Ag,-74402.831,8382.3306,11899.7083,26157.9709,6822.6371,11412.1977,-7930.9884,6671.0057,,,,,,,47,74,121,3,35,24,8,1,0,11,0
48,73,121,Cd,-81073.837,8430.9972,13239.5341,24244.5016,5187.7893,12711.2958,-7074.8628,4760.7564,,,,,,,48,73,121,2,34,23,9,0,1,11,0
49,72,121,In,-85834.593,8463.8767,14278.5707,21766.7764,8178.1703,9166.1987,-6077.5908,3362.0331,,,,,,,49,72,121,1,33,22,10,1,0,11,0
50,71,121,Sn,-89196.626,8485.1964,15274.2776,19797.6296,6170.2034,10757.8564,-5203.1449,402.5306,,,,,,,50,71,121,0,32,21,11,0,1,11,0
51,70,121,Sb,-89599.157,8482.0574,16266.2534,16478.4405,9253.3416,5790.387,-3081.0375,-1056.0462,,,,,,,51,70,121,1,31,20,12,1,0,13,0
52,69,121,Te,-88543.111,8466.8641,17503.2073,13056.0681,7252.2683,7414.9485,-570.284,-2297.4615,,,,,,,52,69,121,2,30,19,13,0,1,15,0
53,68,121,I,-86245.649,8441.4111,18610.5537,11348.0517,10569.8068,4172.4598,-31.0013,-3764.6525,,,,,,,53,68,121,3,29,18,14,1,0,17,0
54,67,121,Xe,-82480.997,8403.8326,19829.1445,9876.3992,8379.8803,6022.8073,189.5879,-5378.6549,,,,,,,54,67,121,4,28,17,15,0,1,19,0
55,66,121,Cs,-77102.342,8352.9152,20939.9166,7902.5524,11285.0112,2218.8785,911.3106,-6357.4948,,,,,,,55,66,121,5,27,16,16,1,0,21,0
56,65,121,Ba,-70744.847,8293.9083,22297.3869,6528.3009,9927.5164,4145.1694,1015.5841,-8555.0,,,,,,,56,65,121,6,26,15,17,0,1,21,0
57,64,121,La,-62190.0,8217.0,23313.0,4463.0,12692.0,591.0,1878.0,-9500.0,,,,,,,57,64,121,7,25,14,18,1,0,21,0
58,63,121,Ce,-52690.0,8132.0,25012.0,2678.0,11032.0,2409.0,2343.0,-11139.0,,,,,,,58,63,121,8,24,13,19,0,1,21,0
59,62,121,Pr,-41551.0,8033.0,,1109.0,,-889.5999,2295.0,,,,,,,,59,62,121,9,23,12,20,1,0,21,0
43,79,122,Tc,-26305.0,8011.0,7448.0,,2836.0,,,15475.0,,,,,,,43,79,122,7,39,29,3,1,1,10,0
44,78,122,Ru,-41780.0,8132.0,8203.0,,5231.0,17529.0,-11835.0,10099.0,,,,,,,44,78,122,6,38,28,4,0,0,10,1
45,77,122,Rh,-51880.0,8208.0,9402.0,31458.0,3701.0,14548.0,-11014.0,12737.0,,,,,,,45,77,122,5,37,27,5,1,1,10,0
46,76,122,Pd,-64616.169,8305.9755,10479.2008,29474.0,6505.1495,15655.0055,-10041.0,6489.9492,,,,,,,46,76,122,4,36,26,6,0,0,10,1
47,75,122,Ag,-71106.118,8352.7591,11597.2423,27064.0,4774.6053,12212.7517,-8644.1944,9506.2662,,,,,,,47,75,122,3,35,25,7,1,1,10,0
48,74,122,Cd,-80612.384,8424.2667,12797.6551,24910.7222,7609.8657,13498.5245,-7648.9424,2958.9765,569.45,0.35,0.144,13.4,1329.1512,2.334063618388011,48,74,122,2,34,24,8,0,0,10,1
49,73,122,In,-83571.361,8442.1079,13986.2561,22497.7911,5808.0859,9786.4953,-6442.4745,6368.5921,,,,,,,49,73,122,1,33,23,9,1,1,10,0
50,72,122,Sn,-89939.953,8487.8968,14984.8482,20560.5297,8814.6449,11394.331,-5663.2197,-1605.7483,1140.51,0.1622,0.0942,1.354,2142.063,1.878157460721623,50,72,122,0,32,22,10,0,0,10,1
51,71,122,Sb,-88334.205,8468.3222,16059.7075,17184.406,6806.3659,6426.5496,-3530.9438,1979.0772,,,,,,,51,71,122,1,31,21,11,1,1,12,0
52,70,122,Te,-90313.282,8478.1315,17093.7576,13793.4832,9841.4893,8003.0962,-1085.3546,-4234.0,564.094,0.56,0.1684,9.12,1181.24825,2.094062186355554,52,70,122,2,30,20,12,0,0,14,1
53,69,122,I,-86079.282,8437.0139,18474.7576,12240.0908,7904.9508,4825.1423,-507.994,-724.2937,,,,,,,53,69,122,3,29,19,13,1,1,16,0
54,68,122,Xe,-85354.988,8424.6644,19325.19,10570.7699,10945.3096,6398.3101,-89.1461,-7210.2195,331.28,1.072,0.2243,66.8,828.5311,2.5009466112464422,54,68,122,4,28,18,14,0,0,18,1
55,67,122,Cs,-78144.769,8359.1515,20398.7562,8975.5504,9113.745,2952.7431,401.3719,-3535.817,,,,,,,55,67,122,5,27,17,15,1,1,20,0
56,66,122,Ba,-74608.952,8323.7567,21862.9392,7014.4595,11935.4228,4795.581,1045.1996,-10066.0,195.9,2.096,0.3024,275.0,568.63,2.902624781778645,56,66,122,6,26,16,16,0,0,22,1
57,65,122,La,-64543.0,8235.0,23116.0,5233.0,10424.0,1087.0,1441.0,-6669.0,,,,,,,57,65,122,7,25,15,17,1,1,22,0
58,64,122,Ce,-57874.0,8174.0,24287.0,3563.0,13255.0,2972.0,1901.0,-13094.0,136.4,3.5,0.377,1270.0,434.77,3.186295346280689,58,64,122,8,24,14,18,0,0,22,1
59,63,122,Pr,-44780.0,8060.0,,1788.0,11300.0,-621.0,2415.0,,,,,,,,59,63,122,9,23,13,19,1,1,22,0
44,79,123,Ru,-36550.0,8089.0,8072.0,,2841.0,17534.0,-12395.0,12640.0,,,,,,,44,79,123,6,38,29,3,0,1,9,0
45,78,123,Rh,-49190.0,8185.0,9083.0,32228.0,5382.0,14699.0,-11446.0,11239.0,,,,,,,45,78,123,5,37,28,4,1,0,9,0
46,77,123,Pd,-60429.748,8270.0318,10390.0472,30387.0,3884.8976,15839.0,-10775.0,9138.8323,,,,,,,46,77,123,4,36,27,5,0,1,9,0
47,76,123,Ag,-69568.581,8337.9707,11308.386,27896.3884,6533.7807,12241.3829,-9170.6945,7845.6026,,,,,,,47,76,123,3,35,26,6,1,0,9,0
48,75,123,Cd,-77414.183,8395.3955,12482.9829,25809.788,4873.1171,13597.0363,-8431.8221,6014.8503,,,,,,,48,75,123,2,34,25,7,0,1,9,0
49,74,123,In,-83429.034,8437.9362,13737.0768,23604.1449,7928.9909,10105.6205,-7208.1908,4385.6489,,,,,,,49,74,123,1,33,24,8,1,0,9,0
50,73,123,Sn,-87814.683,8467.2313,14760.6926,21318.7881,5946.0478,11532.2929,-6262.6598,1408.2079,,,,,,,50,73,123,0,32,23,9,0,1,9,0
51,72,123,Sb,-89222.89,8472.3196,15766.3699,17966.2397,8960.004,6571.9087,-3949.148,-51.9128,,,,,,,51,72,123,1,31,22,10,1,0,11,0
52,71,123,Te,-89170.978,8465.537,16770.5032,14552.2937,6929.0139,8125.7441,-1530.909,-1228.3898,,,,,,,52,71,123,2,30,21,11,0,1,13,0
53,70,123,I,-87942.588,8449.1896,17839.5749,12921.3733,9934.6241,4918.2771,-891.9643,-2694.3302,,,,,,,53,70,123,3,29,20,12,1,0,15,0
54,69,123,Xe,-85248.258,8420.9239,18909.8973,11283.0893,7964.5877,6457.947,-490.6342,-4204.6012,,,,,,,54,69,123,4,28,19,13,0,1,17,0
55,68,123,Cs,-81043.657,8380.3796,20083.951,9375.9496,10970.206,2977.6395,309.159,-5388.6934,,,,,,,55,68,123,5,27,18,14,1,0,19,0
56,67,123,Ba,-75654.963,8330.2086,21052.7524,7751.9087,9117.3296,4799.1656,714.6091,-7004.0,,,,,,,56,67,123,6,26,17,15,0,1,21,0
57,66,123,La,-68651.0,8267.0,22603.0,6127.0,12179.0,1331.0,1229.0,-8365.0,,,,,,,57,66,123,7,25,16,16,1,0,23,0
58,65,123,Ce,-60286.0,8193.0,23739.0,4119.0,10484.0,3032.0,1879.0,-10056.0,,,,,,,58,65,123,8,24,15,17,0,1,23,0
59,64,123,Pr,-50230.0,8104.0,24821.0,2618.0,13521.0,-355.0,2365.0,,,,,,,,59,64,123,9,23,14,18,1,0,23,0
44,80,124,Ru,-33590.0,8065.0,7952.0,,5111.0,,,11120.0,,,,,,,44,80,124,6,38,30,2,0,0,8,1
45,79,124,Rh,-44710.0,8148.0,8973.0,32982.0,3591.0,15449.0,-12135.0,13690.0,,,,,,,45,79,124,5,37,29,3,1,1,8,0
46,78,124,Pd,-58400.0,8252.0,9926.0,31198.0,6042.0,16499.0,-11105.0,7830.0,,,,,,,46,78,124,4,36,28,4,0,0,8,1
47,77,124,Ag,-66229.951,8308.8958,11266.4687,28928.0,4732.688,13089.1733,-10035.0,10469.4858,,,,,,,47,77,124,3,35,27,5,1,1,8,0
48,76,124,Cd,-76699.436,8387.0179,12229.6883,26661.2097,7356.5712,14419.8268,-8844.7481,4168.342,612.8,0.263,0.124,13.1,1385.15,2.2602147379413875,48,76,124,2,34,26,6,0,0,8,1
49,75,124,In,-80867.778,8414.3243,13439.0538,24339.6025,5510.0628,10742.5662,-7641.1824,7363.697,,,,,,,49,75,124,1,33,25,7,1,1,8,0
50,74,124,Sn,-88231.475,8467.3997,14434.1586,22197.0333,8488.1109,12091.4128,-6699.026,-612.4067,1131.739,0.1269,0.0825,1.66,2101.71123,1.857063257782268,50,74,124,0,32,24,8,0,0,8,1
51,73,124,Sb,-87619.069,8456.1517,15427.5003,18625.6501,6467.4963,7093.3572,-4316.2439,2905.073,,,,,,,51,73,124,1,31,23,9,1,1,10,0
52,72,124,Te,-90524.142,8473.2705,16353.496,15162.1309,9424.4821,8590.2223,-1851.3168,-3159.587,602.7271,0.4738,0.1532,6.53,1248.581125,2.0715529159007264,52,72,124,2,30,22,10,0,0,12,1
53,71,124,I,-87364.555,8441.4807,17427.909,13608.2922,7493.2849,5482.5481,-1372.3374,302.8501,,,,,,,53,71,124,3,29,21,11,1,1,14,0
54,70,124,Xe,-87667.405,8437.6138,18455.0529,11932.0652,10490.4652,7013.7881,-730.1604,-5926.3445,354.04,0.826,0.1949,54.7,878.925,2.482600541190959,54,70,124,4,28,20,12,0,0,16,1
55,69,124,Cs,-81741.06,8383.5114,19738.9279,10239.7207,8768.7219,3781.7738,-418.816,-2651.2748,,,,,,,55,69,124,5,27,19,13,1,1,18,0
56,68,124,Ba,-79089.786,8355.8209,20623.4701,8312.7396,11506.1405,5335.1002,657.7328,-8831.1685,229.91,1.74,0.2726,198.2,651.6613,2.834406792193501,56,68,124,6,26,18,14,0,0,20,1
57,67,124,La,-70258.617,8278.2926,21858.0,6691.7906,9679.0,1892.625,1205.1156,-5343.0,,,,,,,57,67,124,7,25,17,15,1,1,22,0
58,66,124,Ce,-64916.0,8229.0,23185.0,4885.0,12701.0,3554.0,1548.0,-11765.0,141.9,3.65,0.381,603.0,447.83,3.1559104170483856,58,66,124,8,24,16,16,0,0,24,1
59,65,124,Pr,-53151.0,8128.0,24514.0,3186.0,10992.0,154.0,1994.0,-8321.0,,,,,,,59,65,124,9,23,15,17,1,1,24,0
60,64,124,Nd,-44830.0,8054.0,,1534.0,,1889.0,2475.0,,,,,,,,60,64,124,10,22,14,18,0,0,24,1
44,81,125,Ru,-28370.0,8023.0,7962.0,,2851.0,,,13460.0,,,,,,,44,81,125,6,38,31,1,0,1,7,0
45,80,125,Rh,-41830.0,8124.0,8782.0,,5191.0,15529.0,-12714.0,12130.0,,,,,,,45,80,125,5,37,30,2,1,0,7,0
46,79,125,Pd,-53960.0,8215.0,9672.0,31988.0,3631.0,16539.0,-11764.0,10560.0,,,,,,,46,79,125,4,36,29,3,0,1,7,0
47,78,125,Ag,-64519.939,8293.3151,11093.9945,29908.0,6361.3064,13409.0,-10694.7205,8828.1511,,,,,,,47,78,125,3,35,28,4,1,0,7,0
48,77,125,Cd,-73348.09,8357.6815,12076.5429,27496.2838,4719.9718,14407.1105,-9590.6686,7064.2177,,,,,,,48,77,125,2,34,27,5,0,1,7,0
49,76,125,In,-80412.308,8407.9365,13125.9103,25421.6692,7615.8474,11001.8424,-8434.3928,5481.3495,,,,,,,49,76,125,1,33,26,6,1,0,7,0
50,75,125,Sn,-85893.657,8445.5285,14221.6109,23057.4161,5733.5,12314.85,-7244.7366,2361.4366,,,,,,,50,75,125,0,32,25,7,0,1,7,0
51,74,125,Sb,-88255.094,8458.1612,15174.8395,19404.0024,8707.3432,7312.5896,-4845.4168,766.7,,,,,,,51,74,125,1,31,24,8,1,0,9,0
52,73,125,Te,-89021.794,8458.0361,15993.4523,15785.0534,6568.9703,8691.6962,-2250.0837,-185.77,,,,,,,52,73,125,2,30,23,9,0,1,11,0
53,72,125,I,-88836.024,8450.2911,17036.0721,14191.0755,9542.7872,5600.8533,-1661.783,-1636.6632,,,,,,,53,72,125,3,29,22,10,1,0,13,0
54,71,125,Xe,-87199.361,8430.939,18093.7391,12606.3251,7603.2739,7123.777,-1081.166,-3109.6184,,,,,,,54,71,125,4,28,21,11,0,1,15,0
55,70,125,Cs,-84089.742,8399.8033,19188.7219,10725.0965,10419.9999,3711.3085,-269.0091,-4420.7663,,,,,,,55,70,125,5,27,20,12,1,0,17,0
56,69,125,Ba,-79668.976,8358.1784,20156.6489,8998.6603,8650.5084,5216.8866,387.1047,-5909.4836,,,,,,,56,69,125,6,26,19,13,0,1,19,0
57,68,125,La,-73759.492,8304.6438,21251.0,7293.778,11572.1933,1958.6778,917.9334,-7102.0,,,,,,,57,68,125,7,25,18,14,1,0,21,0
58,67,125,Ce,-66658.0,8242.0,22514.0,5581.0,9813.0,3688.0,1662.0,-8587.0,,,,,,,58,67,125,8,24,17,15,0,1,23,0
59,66,125,Pr,-58070.0,8167.0,23983.0,3997.0,12991.0,443.0,1695.0,-10001.0,,,,,,,59,66,125,9,23,16,16,1,0,25,0
60,65,125,Nd,-48070.0,8080.0,,2361.0,11311.0,2208.0,2195.0,,,,,,,,60,65,125,10,22,15,17,0,1,25,0
45,81,126,Rh,-37200.0,8087.0,8633.0,,3442.0,16120.0,-13320.0,14590.0,,,,,,,45,81,126,5,37,31,1,1,1,6,0
46,80,126,Pd,-51790.0,8197.0,9533.0,32778.0,5902.0,17249.0,-12435.0,8930.0,,,,,1481.07,2.1361073051128576,46,80,126,4,36,30,2,0,0,6,1
47,79,126,Ag,-60720.0,8261.0,10633.0,30588.0,4272.0,14050.0,-11266.0,11535.0,,,,,,,47,79,126,3,35,29,3,1,1,6,0
48,78,126,Cd,-72255.727,8346.7393,11698.9267,28434.0,6978.955,15024.7591,-10064.474,5553.65,,,,,1466.8623,2.249923384987752,48,78,126,2,34,28,4,0,0,6,1
49,77,126,In,-77809.377,8384.6067,13084.2348,26157.3685,5468.3873,11750.258,-9128.1749,8205.7585,,,,,,,49,77,126,1,33,27,5,1,1,6,0
50,76,126,Sn,-86015.135,8443.5227,13926.2962,23893.6412,8192.7963,12891.7988,-7827.6671,378.0,1141.15,0.0771,0.0636,2.42,2049.746,1.79620454382143,50,76,126,0,32,26,6,0,0,6,1
51,75,126,Sb,-86393.135,8440.3136,14916.7029,20103.2992,6209.3597,7788.4493,-5246.6906,3671.0321,,,,,,,51,75,126,1,31,25,7,1,1,8,0
52,74,126,Te,-90064.168,8463.2397,15682.6621,16410.6344,9113.6918,9098.0448,-2549.1306,-2153.6712,666.352,0.38,0.1358,4.724,1361.36313,2.0430491601195726,52,74,126,2,30,24,8,0,0,10,1
53,73,126,I,-87910.496,8439.9379,16688.5778,14869.3698,7145.7906,6177.6736,-2001.2077,1235.8904,,,,,,,53,73,126,3,29,23,9,1,1,12,0
54,72,126,Xe,-89146.38687,8443.5375,17621.6181,13200.1873,10018.3442,7599.3341,-1258.0209,-4795.7039,388.631,0.79,0.1885,29.9,942.003,2.4238889707999505,54,72,126,4,28,22,10,0,0,14,1
55,71,126,Cs,-84350.683,8399.2673,18752.2587,11564.0703,8332.2587,4440.2933,-696.317,-1680.7697,,,,,,,55,71,126,5,27,21,11,1,1,16,0
56,70,126,Ba,-82669.913,8379.7187,19722.7638,9580.4505,11072.2554,5869.1421,260.159,-7696.4376,256.02,1.441,0.2455,145.5,711.106,2.777475725121667,56,70,126,6,26,20,12,0,0,18,1
57,69,126,La,-74973.476,8312.4268,20857.4947,7810.3574,9285.3014,2593.4708,746.3771,-4152.9106,,,,,,,57,69,126,7,25,19,13,1,1,20,0
58,68,126,Ce,-70820.565,8273.2581,22047.0,6308.7216,12234.0,4350.0438,1363.4706,-10497.0,169.59,2.27,0.2975,405.0,519.048,3.0605508482071784,58,68,126,8,24,18,14,0,0,22,1
59,67,126,Pr,-60324.0,8184.0,23315.0,4643.0,10325.0,955.0,1795.0,-6943.0,,,,,,,59,67,126,9,23,17,15,1,1,24,0
60,66,126,Nd,-53380.0,8122.0,24693.0,3042.0,13382.0,2599.0,2069.0,-13631.0,,,,,,,60,66,126,10,22,16,16,0,0,26,1
45,82,127,Rh,-33730.0,8060.0,8043.0,,4602.0,,,13490.0,,,,,,,45,82,127,5,37,32,0,1,0,5,0
46,81,127,Pd,-47220.0,8160.0,9403.0,33429.0,3501.0,17309.0,-13095.0,11429.0,,,,,,,46,81,127,4,36,31,1,0,1,5,0
47,80,127,Ag,-58650.0,8244.0,10272.0,31398.0,6001.0,14148.0,-11884.0,10092.0,,,,,,,47,80,127,3,35,30,2,1,0,5,0
48,79,127,Cd,-68741.199,8316.8971,11535.7451,29360.0,4556.7901,15310.0,-10736.3665,8138.6978,,,,,,,48,79,127,2,34,29,3,0,1,5,0
49,78,127,In,-76879.897,8374.8212,12610.2251,26937.8999,7141.8378,11913.1408,-9736.232,6589.681,,,,,,,49,78,127,1,33,28,4,1,0,5,0
50,77,127,Sn,-83469.578,8420.5482,13718.5567,24699.4299,5525.7604,12949.1719,-8480.3104,3228.716,,,,,,,50,77,127,0,32,27,5,0,1,5,0
51,76,127,Sb,-86698.294,8439.811,14585.8361,20863.9282,8376.4764,7972.1294,-5694.1761,1582.203,,,,,,,51,76,127,1,31,26,6,1,0,7,0
52,75,127,Te,-88280.497,8446.109,15401.3391,16964.7816,6287.6472,9176.3324,-2890.7301,702.7199,,,,,,,52,75,127,2,30,25,7,0,1,9,0
53,74,127,I,-88983.217,8445.482,16289.829,15306.065,9144.0384,6208.0202,-2185.2421,-662.3336,,,,,,,53,74,127,3,29,24,8,1,0,11,0
54,73,127,Xe,-88320.883,8434.1066,17264.1586,13877.0314,7245.8143,7699.3578,-1574.8214,-2080.8562,,,,,,,54,73,127,4,28,23,9,0,1,13,0
55,72,127,Cs,-86240.027,8411.5617,18292.9208,11981.9452,9960.662,4382.6111,-722.3549,-3422.0719,,,,,,,55,72,127,5,27,22,10,1,0,15,0
56,71,127,Ba,-82817.955,8378.456,19291.6152,10196.5364,8219.3598,5756.2431,5.3868,-4921.8386,,,,,,,56,71,127,6,26,21,11,0,1,17,0
57,70,127,La,-77896.116,8333.5412,20279.2602,8384.3163,10993.9588,2515.1743,722.6242,-5916.7727,,,,,,,57,70,127,7,25,20,12,1,0,19,0
58,69,127,Ce,-71979.344,8280.7922,21464.0,6888.31,9230.0967,4294.8392,1250.7035,-7436.0,,,,,,,58,69,127,8,24,19,13,0,1,21,0
59,68,127,Pr,-64543.0,8216.0,22616.0,5362.0,12291.0,1012.0,1683.0,-8633.0,,,,,,,59,68,127,9,23,18,14,1,0,23,0
60,67,127,Nd,-55910.0,8142.0,23983.0,3830.0,10601.0,2876.0,1951.0,-10600.0,,,,,,,60,67,127,10,22,17,15,0,1,25,0
45,83,128,Rh,-27340.0,8010.0,6283.0,,1681.0,,,17050.0,,,,,,,45,83,128,5,37,33,1,1,1,6,0
46,82,128,Pd,-44390.0,8137.0,8743.0,,5241.0,17949.0,-13226.0,10320.0,,,,,1815.87,1.3846277021617293,46,82,128,4,36,32,0,0,0,4,1
47,81,128,Ag,-54710.0,8211.0,10133.0,32088.0,4132.0,14779.0,-12425.0,12528.0,,,,,,,47,81,128,3,35,31,1,1,1,4,0
48,80,128,Cd,-67238.245,8303.2367,11125.1541,30026.0,6568.3641,15878.0,-11263.0,6951.8716,645.8,0.176,0.1104,0.73,1430.3922,2.214908284582581,48,80,128,2,34,30,2,0,0,4,1
49,79,128,In,-74190.117,8351.4361,12523.3758,28048.0,5381.5379,12737.8887,-10385.0819,9171.3131,,,,,,,49,79,128,1,33,29,3,1,1,4,0
50,78,128,Sn,-83361.43,8416.9749,13488.9304,25683.6449,7963.17,13770.504,-9086.9092,1268.4219,1168.82,0.023,0.0344,6.5,,,50,78,128,0,32,28,4,0,0,4,1
51,77,128,Sb,-84629.852,8420.7724,14379.3523,21398.4167,6002.8758,8449.2449,-6186.9891,4363.9419,,,,,,,51,77,128,1,31,27,5,1,1,6,0
52,76,128,Te,-88993.794,8448.7536,15072.262,17556.6002,8784.6148,9584.4707,-3187.234,-1255.7634,743.219,0.296,0.1185,3.3,1497.02022,2.014246030196033,52,76,128,2,30,26,6,0,0,8,1
53,75,128,I,-87738.03,8432.8309,15970.1698,15922.8368,6826.1315,6746.5044,-2543.8773,2122.5041,,,,,,,53,75,128,3,29,25,7,1,1,10,0
54,74,128,Xe,-89860.53427,8443.3008,16856.7835,14374.3088,9610.9692,8166.2886,-1761.3085,-3928.7617,442.911,0.634,0.1671,14.43,1033.14919,2.332629107504224,54,74,128,4,28,24,8,0,0,12,1
55,73,128,Cs,-85931.773,8406.4953,17723.7258,12599.2183,7763.0638,4899.8605,-992.1338,-562.6171,,,,,,,55,73,128,5,27,23,9,1,1,14,0
56,72,128,Ba,-85369.156,8395.9878,18841.8784,10800.7108,10622.5186,6418.0997,-126.6665,-6743.7167,284.0,1.138,0.2159,60.0,763.3211,2.687674642967804,56,72,128,6,26,22,10,0,0,16,1
57,71,128,La,-78625.439,8337.1904,19794.5993,8852.6981,8800.6405,3096.4549,690.7057,-3091.5136,,,,,,,57,71,128,7,25,21,11,1,1,18,0
58,70,128,Ce,-75533.925,8306.9259,20855.9963,7441.9542,11625.8996,4926.7799,1130.9445,-9203.1617,207.09,1.755,0.2589,203.8,606.7723,2.9299677727461924,58,70,128,8,24,20,12,0,0,20,1
59,69,128,Pr,-66330.764,8228.9141,22150.0,5935.23,9859.0,1640.3908,1502.9377,-5800.0,,,,,,,59,69,128,9,23,19,13,1,1,22,0
60,68,128,Nd,-60530.0,8177.0,23293.0,4288.0,12692.0,3276.0,1961.0,-12311.0,133.66,3.9,0.373,720.0,424.4714,3.17558858955464,60,68,128,10,22,18,14,0,0,24,1
46,83,129,Pd,-37880.0,8086.0,6803.0,,1561.0,17829.0,-11935.0,13990.0,,,,,,,46,83,129,4,36,33,1,0,1,5,0
47,82,129,Ag,-51870.0,8188.0,9363.0,32718.0,5231.0,14769.0,-12465.0,11252.0,,,,,,,47,82,129,3,35,32,0,1,0,3,0
48,81,129,Cd,-63122.142,8269.5311,10523.5788,30480.0,3955.2147,15701.0,-11587.0,9712.7471,,,,,,,48,81,129,2,34,31,1,0,1,3,0
49,80,129,In,-72834.889,8338.759,12097.6281,28763.0,6716.0902,12885.6148,-10739.8656,7755.7081,,,,,,,49,80,129,1,33,30,2,1,0,3,0
50,79,129,Sn,-80590.597,8392.8161,13263.6551,26427.3399,5300.4851,13689.4512,-9667.4226,4038.7874,,,,,,,50,79,129,0,32,29,3,0,1,3,0
51,78,129,Sb,-84629.384,8418.0598,14073.7265,22327.4295,8070.8506,8556.9255,-6641.9923,2375.5,,,,,,,51,78,129,1,31,28,4,1,0,5,0
52,77,129,Te,-87004.884,8430.4098,14867.0235,18113.2485,6082.4087,9664.0036,-3536.1428,1502.2919,,,,,,,52,77,129,2,30,27,5,0,1,7,0
53,76,129,I,-88507.176,8435.9908,15666.5955,16386.8244,8840.464,6802.3536,-2676.9981,188.8936,,,,,,,53,76,129,3,29,26,6,1,0,9,0
54,75,129,Xe,-88696.06975,8431.3904,16517.8227,14993.5151,6906.8535,8247.0107,-2099.1917,-1197.0197,,,,,,,54,75,129,4,28,25,7,0,1,11,0
55,74,129,Cs,-87499.05,8416.0465,17401.6592,13093.7754,9638.5955,4927.4868,-1087.942,-2438.1843,,,,,,,55,74,129,5,27,24,8,1,0,13,0
56,73,129,Ba,-85060.866,8391.0811,18385.5468,11317.9247,7763.0282,6418.0641,-286.4209,-3737.3247,,,,,,,56,73,129,6,26,23,9,0,1,15,0
57,72,129,La,-81323.541,8356.0449,19570.0607,9661.4562,10769.4202,3243.3565,341.2854,-5036.037,,,,,,,57,72,129,7,25,22,10,1,0,17,0
58,71,129,Ce,-76287.504,8310.9411,20450.7963,8047.4911,8824.8968,4951.0362,956.556,-6513.9383,,,,,,,58,71,129,8,24,21,11,0,1,19,0
59,70,129,Pr,-69773.566,8254.3808,21373.0,6455.3914,11514.1203,1528.6115,1561.0107,-7399.0,,,,,,,59,70,129,9,23,20,12,1,0,21,0
60,69,129,Nd,-62375.0,8191.0,22607.0,4974.0,9916.0,3333.0,1858.0,-9195.0,,,,,,,60,69,129,10,22,19,13,0,1,23,0
46,84,130,Pd,-32730.0,8046.0,4482.0,,2921.0,,,13168.0,,,,,,,46,84,130,4,36,34,2,0,0,6,1
47,83,130,Ag,-45898.0,8142.0,7330.0,33135.0,2099.0,15307.0,-11123.0,15220.0,,,,,,,47,83,130,3,35,33,1,1,1,4,0
48,82,130,Cd,-61117.597,8252.5868,10021.9886,31305.0,6066.7739,16536.0,-11752.0,8788.9322,1325.0,0.176,0.1104,0.73,,,48,82,130,2,34,32,0,0,0,2,1
49,81,130,In,-69906.53,8314.176,11859.0492,29774.0,5142.959,14073.3591,-11611.0,10225.687,,,,,,,49,81,130,1,33,31,1,1,1,2,0
50,80,130,Sn,-80132.217,8386.817,12913.423,27471.9138,7612.9379,14586.299,-10301.4055,2153.4702,1221.26,0.118,0.0771,0.00321,1995.628,1.6340663164833182,50,80,130,0,32,30,2,0,0,2,1
51,79,130,Sb,-82285.687,8397.3641,13798.4713,22673.5123,5727.6207,8984.0611,-6901.2257,5067.2728,,,,,,,51,79,130,1,31,29,3,1,1,4,0
52,78,130,Te,-87352.96,8430.3251,14501.8022,18569.472,8419.3935,10012.5465,-3762.74,-416.7716,839.494,0.207,0.0983,2.24,1632.99722,1.9452156767211377,52,78,130,2,30,28,4,0,0,6,1
53,77,130,I,-86936.188,8421.1011,15340.794,16884.2785,6500.33,7220.2749,-2967.9684,2944.2864,,,,,,,53,77,130,3,29,27,5,1,1,8,0
54,76,130,Xe,-89880.474,8437.7314,16162.5762,15464.623,9255.7227,8662.2693,-2241.2226,-2980.7199,536.068,0.468,0.1422,6.54,1204.6141,2.2471267669846733,54,76,130,4,28,26,6,0,0,10,1
55,75,130,Cs,-86899.754,8408.7848,17110.618,13739.6665,7472.0226,5492.6558,-1414.1739,357.0219,,,,,,,55,75,130,5,27,25,7,1,1,12,0
56,74,130,Ba,-87256.776,8405.513,18030.257,11974.1842,10267.2287,7046.6974,-535.3054,-5629.4021,357.38,0.847,0.1844,22.0,901.851,2.523450703437161,56,74,130,6,26,24,8,0,0,14,1
57,73,130,La,-81627.374,8356.1919,19144.5715,10273.5438,8375.1513,3855.4796,298.3928,-2204.4611,,,,,,,57,73,130,7,25,23,9,1,1,16,0
58,72,130,Ce,-79422.913,8333.2164,20031.624,8631.6997,11206.7272,5388.3432,822.0842,-8247.4488,253.85,1.69,0.2515,63.9,710.3721,2.7983755075800194,58,72,130,8,24,22,10,0,0,18,1
59,71,130,Pr,-71175.464,8263.7565,20987.337,7127.9676,9473.2167,2176.9314,1373.0954,-4579.225,,,,,,,59,71,130,9,23,21,11,1,1,20,0
60,70,130,Nd,-66596.239,8222.5136,22209.0,5640.2562,12293.0,4111.6447,1799.4099,-11127.0,159.05,3.58,0.354,224.0,485.5016,3.0524824050589934,60,70,130,10,22,20,12,0,0,22,1
46,85,131,Pd,-25740.0,7993.0,4002.0,,1081.0,,,15010.0,,,,,,,46,85,131,4,36,35,3,0,1,7,0
47,84,131,Ag,-40750.0,8102.0,5022.0,,2924.0,15309.0,-9445.0,14462.0,,,,,,,47,84,131,3,35,34,2,1,0,5,0
48,83,131,Cd,-55211.76,8206.1204,8232.2548,31910.0,2165.4809,16603.0,-10416.0,12812.6089,,,,,,,48,83,131,2,34,33,1,0,1,3,0
49,82,131,In,-68024.369,8297.9544,11332.1166,30732.0,6189.1576,14195.7428,-11800.0,9240.2095,,,,,,,49,82,131,1,33,32,0,1,0,1,0
50,81,131,Sn,-77264.579,8362.5183,12816.6181,28720.3792,5203.6802,14647.0202,-10948.2956,4716.8328,,,,,,,50,81,131,0,32,31,1,0,1,1,0
51,80,131,Sb,-81981.412,8392.5525,13494.6636,23724.465,7767.0428,9138.166,-7526.4307,3229.6099,,,,,,,51,80,131,1,31,30,2,1,0,3,0
52,79,131,Te,-85211.022,8411.2339,14348.7735,19198.3668,5929.38,10214.3058,-4166.3596,2231.7057,,,,,,,52,79,131,2,30,29,3,0,1,5,0
53,78,131,I,-87442.727,8422.2977,15078.1873,17391.2852,8577.8573,7378.7387,-3169.3493,970.8477,,,,,,,53,78,131,3,29,28,4,1,0,7,0
54,77,131,Xe,-88413.57492,8423.7367,15860.1413,15986.6329,6604.4186,8766.358,-2557.994,-358.0009,,,,,,,54,77,131,4,28,27,5,0,1,9,0
55,76,131,Cs,-88055.574,8415.0317,16699.1602,14126.3401,9227.1376,5464.0708,-1497.2732,-1376.6158,,,,,,,55,76,131,5,27,26,6,1,0,11,0
56,75,131,Ba,-86678.958,8398.5511,17760.7287,12560.8306,7493.5,7068.1748,-782.991,-2909.6936,,,,,,,56,75,131,6,26,25,7,0,1,13,0
57,74,131,La,-83769.265,8370.3676,18588.3597,10848.1568,10213.2084,3801.4593,45.8464,-4060.8167,,,,,,,57,74,131,7,25,24,8,1,0,15,0
58,73,131,Ce,-79708.448,8333.3969,19563.5801,9225.5244,8356.8529,5370.0448,684.5912,-5407.7842,,,,,,,58,73,131,8,24,23,9,0,1,17,0
59,72,131,Pr,-74300.664,8286.1439,20669.7341,7555.0648,11196.5174,2166.7216,1170.5368,-6532.6235,,,,,,,59,72,131,9,23,22,10,1,0,19,0
60,71,131,Nd,-67768.04,8230.3045,21536.0,6058.4784,9243.119,3881.547,1786.3876,-7998.0,,,,,,,60,71,131,10,22,21,11,0,1,21,0
47,85,132,Ag,-34400.0,8053.0,4645.0,,1721.0,15949.0,-9485.0,16065.0,,,,,,,47,85,132,3,35,35,3,1,1,6,0
48,84,132,Cd,-50465.429,8169.1421,5490.4679,32313.0,3324.987,17004.0,-8500.0,11946.1243,,,,,,,48,84,132,2,34,34,2,0,0,4,1
49,83,132,In,-62411.554,8253.7162,8647.66,31092.0,2458.5024,14488.7642,-10126.0,14135.0,,,,,,,49,83,132,1,33,33,1,1,1,2,0
50,82,132,Sn,-76546.554,8354.8726,12556.973,30006.8982,7353.2928,15811.1554,-11733.2244,3088.728,4041.2,0.029,0.0378,69.8,4416.2914,1.092816430955002,50,82,132,0,32,32,0,0,0,0,1
51,81,132,Sb,-79635.282,8372.3452,13492.2309,24306.694,5725.188,9659.6738,-7870.0808,5552.9155,,,,,,,51,81,132,1,31,31,1,1,1,2,0
52,80,132,Te,-85188.197,8408.4859,13977.8735,19633.9225,8048.4936,10495.7565,-4251.6832,515.3046,974.22,0.1034,0.0687,1.152,1671.299,1.715509392555549,52,80,132,2,30,30,2,0,0,4,1
53,79,132,I,-85703.502,8406.4628,14909.9497,17995.7569,6332.0924,7781.4511,-3498.5658,3575.4729,,,,,,,53,79,132,3,29,29,3,1,1,6,0
54,78,132,Xe,-89278.97451,8427.6229,15541.1363,16503.957,8936.7176,9125.2183,-2710.0969,-2126.2813,667.715,0.317,0.1158,2.95,1440.3231,2.157091975740556,54,78,132,4,28,28,4,0,0,8,1
55,77,132,Cs,-87152.693,8405.5878,16395.5748,14794.4473,7168.4372,6028.0893,-1839.5789,1282.2099,,,,,,,55,77,132,5,27,27,5,1,1,10,0
56,76,132,Ba,-88434.903,8409.3747,17320.7628,13132.3708,9827.2629,7668.3001,-999.2847,-4711.3256,464.508,0.665,0.1617,7.55,1127.61518,2.4275467563408792,56,76,132,6,26,26,6,0,0,12,1
57,75,132,La,-83723.578,8367.7559,18238.8394,11401.7651,8025.6309,4333.5903,-216.7208,-1254.8898,,,,,,,57,75,132,7,25,25,7,1,1,14,0
58,74,132,Ce,-82468.688,8352.3223,19188.4107,9789.8534,10831.5578,5988.3941,475.552,-7241.224,325.34,1.062,0.1974,32.9,858.829,2.6397242337435607,58,74,132,8,24,24,8,0,0,16,1
59,73,132,Pr,-75227.464,8291.5377,20194.6355,8178.0316,8998.118,2807.9868,973.0593,-3801.6487,,,,,,,59,73,132,9,23,23,9,1,1,18,0
60,72,132,Nd,-71425.815,8256.8104,20972.2118,6580.844,11729.0928,4414.1224,1683.1944,-9798.0,213.16,1.879,0.2538,93.4,610.8523,2.865682403739517,60,72,132,10,22,22,10,0,0,20,1
47,86,133,Ag,-29080.0,8013.0,4473.0,,2752.0,,,15059.0,,,,,,,47,86,133,3,35,36,4,1,0,7,0
48,85,133,Cd,-44140.0,8121.0,5071.0,32978.0,1746.0,17029.0,-8685.0,13550.0,,,,,,,48,85,133,2,34,35,3,0,1,5,0
49,84,133,In,-57690.0,8217.0,5808.0,31518.0,3350.0,14514.0,-8245.0,13184.0,,,,,,,49,84,133,1,33,34,2,1,0,3,0
50,83,133,Sn,-70873.89,8310.089,9751.9477,30240.0721,2398.6548,15751.3079,-10176.6645,8049.6228,,,,,,,50,83,133,0,32,33,1,0,1,1,0
51,82,133,Sb,-78923.513,8364.7302,13084.7376,25477.086,7359.5496,9665.9306,-8513.5402,4013.6198,,,,,,,51,82,133,1,31,32,0,1,0,1,0
52,81,133,Te,-82937.133,8389.0255,13868.7475,20250.4962,5820.2539,10590.8223,-4771.4519,2920.169,,,,,,,52,81,133,2,30,31,1,0,1,3,0
53,80,133,I,-85857.302,8405.0993,14557.2107,18453.8323,8225.1183,7958.0758,-3652.8335,1786.2812,,,,,,,53,80,133,3,29,30,2,1,0,5,0
54,79,133,Xe,-87643.583,8412.6477,15372.6442,17010.5036,6435.9266,9229.0525,-3063.6147,427.36,,,,,,,54,79,133,4,28,29,3,0,1,7,0
55,78,133,Cs,-88070.943,8409.9786,16158.0051,15206.1579,8989.5679,6080.9396,-1988.6828,-517.431,,,,,,,55,78,133,5,27,28,4,1,0,9,0
56,77,133,Ba,-87553.512,8400.2059,17017.1898,13717.8792,7189.927,7689.7899,-1282.3581,-2059.1203,,,,,,,56,77,133,6,26,27,5,0,1,11,0
57,76,133,La,-85494.392,8378.8415,17867.7632,12016.7598,9842.1323,4348.4597,-420.2576,-3076.1685,,,,,,,57,76,133,7,25,26,6,1,0,13,0
58,75,133,Ce,-82418.223,8349.8301,18852.4113,10317.207,8020.8536,5983.6167,217.7266,-4480.6319,,,,,,,58,75,133,8,24,25,7,0,1,15,0
59,74,133,Pr,-77937.591,8310.2588,19779.5637,8746.2688,10781.4456,2757.8747,961.0339,-5605.2112,,,,,,,59,74,133,9,23,24,8,1,0,17,0
60,73,133,Nd,-72332.38,8262.232,20706.9759,7201.8742,8977.8831,4393.8874,1530.2081,-6924.7272,,,,,,,60,73,133,10,22,23,9,0,1,19,0
48,86,134,Cd,-39460.0,8086.0,5137.0,,3391.0,17669.0,-9155.0,12510.0,,,,,,,48,86,134,2,34,36,4,0,0,6,1
49,85,134,In,-51970.0,8173.0,5701.0,32148.0,2351.0,15119.0,-8497.0,14464.0,,,,,,,49,85,134,1,33,35,3,1,1,4,0
50,84,134,Sn,-66433.759,8275.1719,6029.8413,30546.2715,3631.1864,16033.0,-7741.077,7585.2453,,,,,,,50,84,134,0,32,34,2,0,0,2,1
51,83,134,Sb,-74019.004,8325.9398,10526.3585,26185.3925,3166.8089,10434.0847,-6537.3901,8514.7483,,,,,,,51,83,134,1,31,33,1,1,1,2,0
52,82,134,Te,-82533.752,8383.6442,13488.1914,20565.1409,7667.9375,10899.2103,-4826.4515,1509.6875,1279.11,0.122,0.0739,40.5,1576.1314,1.232208463534439,52,82,134,2,30,32,0,0,0,2,1
53,81,134,I,-84043.44,8389.0722,14482.5743,18986.1003,6257.456,8395.278,-4182.6688,4082.3946,,,,,,,53,81,134,3,29,31,1,1,1,4,0
54,80,134,Xe,-88125.83443,8413.6994,14989.4961,17515.5795,8553.5695,9557.5037,-3197.7907,-1234.6691,847.041,0.217,0.0949,0.481,1731.173,2.0437883525457194,54,80,134,4,28,30,2,0,0,6,1
55,79,134,Cs,-86891.165,8398.647,15881.1082,15765.6058,6891.5403,6536.5533,-2379.8932,2058.8368,,,,,,,55,79,134,5,27,29,3,1,1,8,0
56,78,134,Ba,-88950.002,8408.1731,16657.7352,14248.9698,9467.8082,8168.0302,-1494.4436,-3731.3434,604.7223,0.413,0.1262,2.684,1400.5904,2.316088485564893,56,78,134,6,26,28,4,0,0,10,1
57,77,134,La,-85218.659,8374.4888,17637.7174,12643.9077,7795.5851,4954.1178,-743.8201,-385.7605,,,,,,,57,77,134,7,25,27,5,1,1,12,0
58,76,134,Ce,-84832.898,8365.7716,18506.8467,10975.9373,10485.9931,6627.4776,-1.0377,-6304.8987,409.2,0.81,0.1707,9.7,1048.6823,2.562755956119364,58,76,134,8,24,26,6,0,0,14,1
59,75,134,Pr,-78528.0,8312.8817,19443.1719,9382.3641,8661.7263,3398.7474,674.4589,-2881.5569,,,,,,,59,75,134,9,23,25,7,1,1,16,0
60,74,134,Nd,-75646.443,8285.5391,20363.2637,7755.697,11385.3806,4997.8224,1351.5547,-8882.5343,294.17,1.66,0.236,32.9,788.9221,2.681843182686568,60,74,134,10,22,24,8,0,0,18,1
48,87,135,Cd,-32820.0,8036.0,4823.0,,1432.0,,-9505.0,14290.0,,,,,,,48,87,135,2,34,37,5,0,1,7,0
49,86,135,In,-47110.0,8136.0,5563.0,32608.0,3212.0,14939.0,-8785.0,13522.0,,,,,,,49,86,135,1,33,36,4,1,0,5,0
50,85,135,Sn,-60632.252,8230.6877,5900.998,31070.0,2269.8116,15951.0,-7845.4077,9058.08,,,,,,,50,85,135,0,32,35,3,0,1,3,0
51,84,135,Sb,-69690.332,8291.9894,6909.4552,26578.0,3742.6463,10545.5446,-4090.8788,8038.4581,,,,,,,51,84,135,1,31,34,2,1,0,3,0
52,83,135,Te,-77728.79,8345.7384,10934.2935,21432.8421,3266.356,10998.7574,-2889.1273,6050.3894,,,,,,,52,83,135,2,30,33,1,0,1,3,0
53,82,135,I,-83779.18,8384.7609,14064.514,19433.6087,7807.0579,8534.3984,-4222.6839,2634.1851,,,,,,,53,82,135,3,29,32,0,1,0,3,0
54,81,135,Xe,-86413.365,8398.4783,14912.4179,18054.174,6358.8484,9658.8961,-3627.2591,1168.5917,,,,,,,54,81,135,4,28,31,1,0,1,5,0
55,80,135,Cs,-87581.956,8401.3393,15653.6496,16302.5968,8762.1093,6745.0931,-2564.1451,268.6983,,,,,,,55,80,135,5,27,30,2,1,0,7,0
56,79,135,Ba,-87850.655,8397.5345,16439.7789,14785.0139,6971.9707,8248.4605,-1861.9957,-1207.1973,,,,,,,56,79,135,6,26,29,3,0,1,9,0
57,78,135,La,-86643.458,8382.7972,17291.7019,13150.4566,9496.1168,4982.4264,-1012.7993,-2027.1499,,,,,,,57,78,135,7,25,28,4,1,0,11,0
58,77,135,Ce,-84616.308,8361.9861,18340.7205,11640.7377,7854.7274,6686.6199,-362.2652,-3680.4357,,,,,,,58,77,135,8,24,27,5,0,1,13,0
59,76,135,Pr,-80935.872,8328.9284,19140.9167,10019.4223,10479.1904,3391.9447,408.4769,-4722.2522,,,,,,,59,76,135,9,23,26,6,1,0,15,0
60,75,135,Nd,-76213.62,8288.1536,20023.8757,8373.3386,8638.4951,4974.5912,1069.9125,-6151.2907,,,,,,,60,75,135,10,22,25,7,0,1,17,0
49,87,136,In,-40970.0,8091.0,5143.0,,1931.0,15439.0,-8995.0,15200.0,,,,,,,49,87,136,1,33,37,5,1,1,6,0
50,86,136,Sn,-56170.0,8197.0,5879.0,31288.0,3609.0,16349.0,-8130.0,8337.0,,,,,,,50,86,136,0,32,36,4,0,0,4,1
51,85,136,Sb,-64506.89,8252.2533,6630.5217,27115.0,2887.8754,11163.6083,-4520.2518,9918.3897,,,,,,,51,85,136,1,31,35,3,1,1,4,0
52,84,136,Te,-74425.279,8319.4301,8034.163,22569.4626,4767.807,12023.918,-303.6415,5119.9455,,,,,1030.01,1.6978793198658195,52,84,136,2,30,34,2,0,0,4,1
53,83,136,I,-79545.225,8351.3242,11644.421,20104.1628,3837.363,9105.4055,-2334.8589,6883.9455,,,,,,,53,83,136,3,29,33,1,1,1,4,0
54,82,136,Xe,-86429.17,8396.1889,14445.9718,18473.36,8087.1234,9938.9615,-3665.8889,-90.3151,1313.027,0.38,0.124,15.1,1694.427,1.290434532282054,54,82,136,4,28,32,0,0,0,4,1
55,81,136,Cs,-86338.855,8389.7723,15590.3258,16873.3574,6828.2166,7214.4613,-3060.2693,2548.2241,,,,,,,55,81,136,5,27,31,1,1,1,6,0
56,80,136,Ba,-88887.079,8402.7566,16079.7131,15339.1868,9107.7424,8594.0937,-2033.0205,-2849.5915,818.497,0.23,0.0933,0.29,1866.61118,2.280465218959879,56,80,136,6,26,30,2,0,0,8,1
57,79,136,La,-86037.488,8376.0512,16961.465,13724.2645,7465.3482,5475.804,-1309.7104,471.0621,,,,,,,57,79,136,7,25,29,3,1,1,10,0
58,78,136,Ce,-86508.55,8373.7624,17818.2877,12136.4898,9963.5603,7154.0633,-498.5626,-5168.129,552.2,0.467,0.1283,2.85,1313.7424,2.3797469546761327,58,78,136,8,24,28,4,0,0,12,1
59,77,136,Pr,-81340.421,8330.0089,18955.0574,10699.7042,8475.867,4013.0843,-41.7592,-2141.1234,,,,,,,59,77,136,9,23,27,5,1,1,14,0
60,76,136,Nd,-79199.297,8308.5127,19695.4909,8944.3412,11056.9958,5552.3966,844.4745,-8029.3747,373.72,0.72,0.1526,2.04,976.4621,2.612596441058714,60,76,136,10,22,26,6,0,0,16,1
49,88,137,In,-35830.0,8053.0,4862.0,,2931.0,,-9175.0,14320.0,,,,,,,49,88,137,1,33,38,6,1,0,7,0
50,87,137,Sn,-50150.0,8152.0,5660.0,31907.0,2051.0,16469.0,-8435.0,9911.0,,,,,,,50,87,137,0,32,37,5,0,1,5,0
51,86,137,Sb,-60060.392,8218.4764,6512.6963,27528.0,3624.8209,11179.0,-4795.0,9243.3698,,,,,,,51,86,137,1,31,36,4,1,0,5,0
52,85,137,Te,-69303.762,8280.2357,7717.608,23249.452,2949.801,12085.8437,-854.7877,7052.5063,,,,,,,52,85,137,2,30,35,3,0,1,5,0
53,84,137,I,-76356.268,8326.0033,8719.7249,21243.8784,4882.3619,9219.9604,142.3287,6027.1455,,,,,,,53,84,137,3,29,34,2,1,0,5,0
54,83,137,Xe,-82383.414,8364.2865,12112.6854,19232.5659,4025.562,10127.1604,-1871.197,4162.3582,,,,,,,54,83,137,4,28,33,1,0,1,5,0
55,82,137,Cs,-86545.772,8388.9581,15106.4519,17344.5347,8278.2353,7405.5732,-3113.3863,1175.6285,,,,,,,55,82,137,5,27,32,0,1,0,5,0
56,81,137,Ba,-87721.401,8391.8288,16013.3821,15885.9782,6905.6397,8671.5169,-2502.7336,-580.5356,,,,,,,56,81,137,6,26,31,1,0,1,7,0
57,80,137,La,-87140.865,8381.8807,16640.0438,14136.8509,9174.6956,5542.7571,-1494.8381,-1222.1,,,,,,,57,80,137,7,25,30,2,1,0,9,0
58,79,137,Ce,-85918.765,8367.2497,17445.0938,12646.0526,7481.5335,7170.2486,-790.1691,-2716.9515,,,,,,,58,79,137,8,24,29,3,0,1,11,0
59,78,137,Pr,-83201.814,8341.7074,18408.5779,11136.2983,9932.711,3982.235,-132.3378,-3617.8447,,,,,,,59,78,137,9,23,28,4,1,0,13,0
60,77,137,Nd,-79583.969,8309.5892,19512.9855,9545.6035,8455.9897,5532.5193,409.3383,-5511.1108,,,,,,,60,77,137,10,22,27,5,0,1,15,0
50,88,138,Sn,-45510.0,8118.0,5483.0,,3432.0,16969.0,-8475.0,9140.0,,,,,,,50,88,138,0,32,38,6,0,0,6,1
51,87,138,Sb,-54650.0,8178.0,6286.0,28258.0,2661.0,11789.0,-5105.0,11046.0,,,,,,,51,87,138,1,31,37,5,1,1,6,0
52,86,138,Te,-65695.995,8252.5786,7413.3516,24104.0,4463.5506,12924.5734,-1687.1519,6283.9149,443.1,0.971,0.2257,22.5,903.67,1.960876640989476,52,86,138,2,30,36,4,0,0,6,1
53,85,138,I,-71979.91,8292.445,8577.3211,22050.9622,3694.9592,9965.1185,-385.8215,7992.3346,,,,,,,53,85,138,3,29,35,3,1,1,6,0
54,84,138,Xe,-79972.244,8344.6913,9685.7102,20124.9072,5660.1482,10904.9468,136.5922,2914.7839,,,,,1072.533,1.821476416011258,54,84,138,4,28,34,2,0,0,6,1
55,83,138,Cs,-82887.028,8360.1437,12690.8092,17919.7456,4412.5739,7792.5851,-1268.5042,5374.7776,,,,,,,55,83,138,5,27,33,1,1,1,6,0
56,82,138,Ba,-88261.806,8393.4222,15517.3627,16410.5777,8611.723,9005.0045,-2560.8872,-1748.3977,1435.816,0.484,0.134,10.57,1898.58811,1.3223160371835982,56,82,138,6,26,32,0,0,0,6,1
57,81,138,La,-86513.408,8375.0835,16618.5565,14752.4952,7443.8609,6080.9783,-2047.1586,1052.4585,,,,,,,57,81,138,7,25,31,1,1,1,8,0
58,80,138,Ce,-87565.867,8377.0408,17199.9529,13256.7296,9718.4194,7713.9724,-1040.7803,-4437.0,788.744,0.3,0.1018,0.1313,1826.511,2.315718594911814,58,80,138,8,24,30,2,0,0,10,1
59,79,138,Pr,-83128.867,8339.2195,17931.0819,11669.321,7998.371,4499.0724,-335.1237,-1111.6847,,,,,,,59,79,138,9,23,29,3,1,1,12,0
60,78,138,Nd,-82017.182,8325.4946,18960.5206,10086.5742,10504.5309,6104.3392,390.8005,-7102.8119,520.85,0.72,0.1526,2.04,1249.7021,2.3998041677060296,60,78,138,10,22,28,4,0,0,14,1
50,89,139,Sn,-39310.0,8073.0,5303.0,,1871.0,,-8915.0,10740.0,,,,,,,50,89,139,0,32,39,7,0,1,7,0
51,88,139,Sb,-50050.0,8144.0,6132.0,28798.0,3472.0,11829.0,-5365.0,10155.0,,,,,,,51,88,139,1,31,38,6,1,0,7,0
52,87,139,Te,-60205.08,8211.7716,7043.9542,24633.0,2580.4036,12844.0,-1997.7438,8265.8835,,,,,,,52,87,139,2,30,37,5,0,1,7,0
53,86,139,I,-68470.964,8265.61,8257.3314,22988.5135,4562.3722,10063.9401,-1205.5474,7173.6224,,,,,,,53,86,139,3,29,36,4,1,0,7,0
54,85,139,Xe,-75644.586,8311.5904,9403.8082,20918.7661,3743.66,10953.6476,-340.7117,5056.5023,,,,,,,54,85,139,4,28,35,3,0,1,7,0
55,84,139,Cs,-80701.088,8342.3397,10297.9522,18922.762,5885.3783,8017.8152,653.1754,4212.8293,,,,,,,55,84,139,5,27,34,2,1,0,7,0
56,83,139,Ba,-84913.918,8367.0194,13335.153,17108.4457,4723.43,9315.8606,-925.4687,2308.4632,,,,,,,56,83,139,6,26,33,1,0,1,7,0
57,82,139,La,-87222.381,8377.9987,16224.1517,15254.5507,8780.2909,6249.5462,-2065.3402,-264.6396,,,,,,,57,82,139,7,25,32,0,1,0,7,0
58,81,139,Ce,-86957.741,8370.4664,17181.6122,13814.2826,7463.1928,7733.3043,-1532.0024,-2129.089,,,,,,,58,81,139,8,24,31,1,0,1,9,0
59,80,139,Pr,-84828.652,8349.5208,17769.4747,12265.7292,9771.1038,4551.7568,-610.1106,-2811.7226,,,,,,,59,80,139,9,23,30,2,1,0,11,0
60,79,139,Nd,-82016.93,8323.6642,18575.5968,10676.1066,8071.0659,6177.0342,174.462,-4515.9014,,,,,,,60,79,139,10,22,29,3,0,1,13,0
50,90,140,Sn,-34490.0,8038.0,5123.0,,3252.0,,,9900.0,,,,,,,50,90,140,0,32,40,8,0,0,8,1
51,89,140,Sb,-44390.0,8103.0,5883.0,,2412.0,12369.0,-5845.0,11977.0,,,,,,,51,89,140,1,31,39,7,1,1,8,0
52,88,140,Te,-56367.449,8183.3567,6814.0906,25435.0,4233.687,13606.0,-2622.0,7238.7734,,,,,848.23,2.0056037642163007,52,88,140,2,30,38,6,0,0,8,1
53,87,140,I,-63606.223,8229.474,7768.9492,23534.0,3206.5769,10690.1135,-1524.249,9380.2388,,,,,,,53,87,140,3,29,37,5,1,1,8,0
54,86,140,Xe,-72986.461,8290.8875,9156.8533,21868.4088,5413.1933,11804.4687,-986.0981,4063.2768,376.658,0.69,0.164,289.0,834.29524,2.214993197412561,54,86,140,4,28,36,4,0,0,8,1
55,85,140,Cs,-77049.738,8314.3227,10305.3462,19647.7707,4419.9679,8694.1231,70.5706,6218.1669,,,,,,,55,85,140,5,27,35,3,1,1,8,0
56,84,140,Ba,-83267.905,8353.15,11148.7355,17873.603,6425.3055,9855.7878,736.3492,1044.1542,602.36,0.676,0.1569,97.9,1130.606,1.8769201142813503,56,84,140,6,26,34,2,0,0,8,1
57,83,140,La,-84312.059,8355.0201,13941.2874,16002.9734,5160.9966,6687.1128,-398.1202,3762.1676,,,,,,,57,83,140,7,25,33,1,1,1,8,0
58,82,140,Ce,-88074.227,8376.3045,16650.9965,14390.3634,9187.8037,8140.8172,-1612.0637,-3388.0,1596.237,0.4572,0.1245,8.2,2083.25924,1.3051095546983442,58,82,140,8,24,32,0,0,0,8,1
59,81,140,Pr,-84686.227,8346.5163,17699.9965,12750.761,7928.8927,5017.4567,-1073.6551,-428.9806,,,,,,,59,81,140,9,23,31,1,1,1,10,0
60,80,140,Nd,-84257.246,8337.864,18382.7006,11269.3219,10311.6347,6717.5652,-173.6125,-6045.2,773.73,0.265,0.0917,0.1583,1801.849,2.3290053977478364,60,80,140,10,22,30,2,0,0,12,1
51,90,141,Sb,-39540.0,8069.0,5633.0,,3221.0,12339.0,-6135.0,11129.0,,,,,,,51,90,141,1,31,40,8,1,0,9,0
52,89,141,Te,-50670.0,8142.0,6607.0,25938.0,2373.0,13568.0,-2945.0,9257.0,,,,,,,52,89,141,2,30,39,7,0,1,9,0
53,88,141,I,-59926.666,8202.2562,7598.3381,24454.0,4391.7612,10848.1876,-2291.1892,8270.643,,,,,,,53,88,141,3,29,38,6,1,0,9,0
54,87,141,Xe,-68197.309,8255.3647,8695.3587,22570.1706,3282.1654,11880.0572,-1318.4624,6280.0423,,,,,,,54,87,141,4,28,37,5,0,1,9,0
55,86,141,Cs,-74477.351,8294.3554,9918.8988,20584.3295,5498.9309,8779.8607,-545.9984,5255.141,,,,,,,55,86,141,5,27,36,4,1,0,9,0
56,85,141,Ba,-79732.492,8326.0774,10961.2106,18665.8481,4535.905,9971.7249,226.0061,3197.3515,,,,,,,56,85,141,6,26,35,3,0,1,9,0
57,84,141,La,-82929.844,8343.205,11850.0989,16806.6973,6689.1023,6950.9095,1191.0128,2501.2141,,,,,,,57,84,141,7,25,34,2,1,0,9,0
58,83,141,Ce,-85431.058,8355.3956,14615.9525,15095.0821,5428.1487,8407.9694,-134.5727,583.4758,,,,,,,58,83,141,8,24,33,1,0,1,9,0
59,82,141,Pr,-86014.533,8353.9852,17328.5173,13370.0947,9399.6246,5229.2776,-1298.5841,-1823.0137,,,,,,,59,82,141,9,23,32,0,1,0,9,0
60,81,141,Nd,-84191.52,8335.5074,18317.2262,11811.7206,8005.5915,6794.2639,-697.6704,-3668.5879,,,,,,,60,81,141,10,22,31,1,0,1,11,0
52,90,142,Te,-46550.0,8113.0,6325.0,26637.0,3951.0,14298.0,-3464.0,8253.0,,,,,,,52,90,142,2,30,40,8,0,0,10,1
53,89,142,I,-54802.969,8165.2517,7339.3828,24991.0,2947.6216,11422.0,-2578.0,10426.6792,,,,,,,53,89,142,3,29,39,7,1,1,10,0
54,88,142,Xe,-65229.648,8233.1695,8385.8232,23440.1414,5103.6578,12591.9538,-1958.5697,5284.9078,287.2,0.73,0.168,507.0,690.73,2.4050319983844126,54,88,142,4,28,38,6,0,0,10,1
55,87,142,Cs,-70514.556,8264.8777,9607.4542,21486.2758,4108.5233,9606.2186,-959.5625,7327.7007,,,,,,,55,87,142,5,27,37,5,1,1,10,0
56,86,142,Ba,-77842.257,8310.9718,10716.988,19433.7377,6181.083,10653.877,-294.9286,2181.6932,,,,,834.819,2.321546054415378,56,86,142,6,26,36,4,0,0,10,1
57,85,142,La,-80023.95,8320.8263,11854.5269,17552.154,5165.4246,7580.4291,438.1621,4508.9455,,,,,,,57,85,142,7,25,35,3,1,1,10,0
58,84,142,Ce,-84532.896,8347.07,12601.3048,15842.9327,7173.1561,8892.0231,1303.9942,-746.5288,641.282,0.96,0.179,42.0,1219.373,1.901458778956994,58,84,142,8,24,34,2,0,0,10,1
59,83,142,Pr,-83786.367,8336.3032,15242.776,14052.2497,5843.1515,5644.2803,302.1253,2163.6885,,,,,,,59,83,142,9,23,33,1,1,1,10,0
60,82,142,Nd,-85950.055,8346.031,17835.4451,12453.7705,9829.8537,7224.493,-809.1047,-4808.5196,1575.781,0.504,0.1253,4.92,2100.78713,1.3331727758206873,60,82,142,10,22,32,0,0,0,10,1
53,90,143,I,-50790.0,8137.0,7006.0,25828.0,4058.0,11529.0,-3165.0,9413.0,,,,,,,53,90,143,3,29,40,8,1,0,11,0
54,89,143,Xe,-60202.882,8196.8855,8148.2096,24111.0,3044.5518,12688.884,-2422.7178,7472.6365,,,,,,,54,89,143,4,28,39,7,0,1,11,0
55,88,143,Cs,-67675.519,8243.6707,9340.8037,22326.795,5232.2804,9734.8412,-1629.4708,6261.6865,,,,,,,55,88,143,5,27,38,6,1,0,11,0
56,87,143,Ba,-73937.205,8281.9878,10347.3492,20317.8386,4166.2663,10711.62,-717.5349,4234.2623,,,,,,,56,87,143,6,26,37,5,0,1,11,0
57,86,143,La,-78171.467,8306.1271,11384.26,18272.0585,6218.8354,7618.1816,104.705,3434.9108,,,,,,,57,86,143,7,25,36,4,1,0,11,0
58,85,143,Ce,-81606.378,8324.6765,12317.9567,16451.8283,5144.8007,8871.3992,882.6235,1461.8214,,,,,,,58,85,143,8,24,35,3,0,1,11,0
59,84,143,Pr,-83068.2,8329.428,13196.3023,14716.2982,7353.1508,5824.275,1729.2653,934.1107,,,,,,,59,84,143,9,23,34,2,1,0,11,0
60,83,143,Nd,-84002.31,8330.4893,15953.4267,13149.1948,6123.573,7504.9145,530.5151,-1041.6463,,,,,,,60,83,143,10,22,33,1,0,1,11,0
54,90,144,Xe,-56872.301,8172.8845,7785.289,24901.0,4740.7372,13372.0,-2929.768,6399.0606,252.6,2.34,0.323,510.0,644.3,2.550673000791765,54,90,144,4,28,40,8,0,0,12,1
55,89,144,Cs,-63271.362,8211.8894,8899.4418,23046.3348,3667.1613,10357.4508,-2090.0552,8495.7679,,,,,,,55,89,144,5,27,39,7,1,1,12,0
56,88,144,Ba,-71767.13,8265.4549,10067.5089,21115.4234,5901.2426,11380.5822,-1205.5842,3082.53,199.326,1.35,0.2177,1252.0,530.197,2.659941021419118,56,88,144,6,26,38,6,0,0,12,1
57,87,144,La,-74849.66,8281.4283,10968.3457,18913.0456,4749.5103,8201.4256,-224.8374,5582.2823,,,,,,,57,87,144,7,25,37,5,1,1,12,0
58,86,144,Ce,-80431.942,8314.7612,12041.6825,17167.6272,6896.8818,9549.4456,411.0472,318.6462,397.441,0.97,0.178,339.0,938.656,2.361743942951158,58,86,144,8,24,36,4,0,0,12,1
59,85,144,Pr,-80750.588,8311.5411,13106.8574,15304.5802,5753.7066,6433.181,1136.5553,2997.44,,,,,,,59,85,144,9,23,35,3,1,1,12,0
60,84,144,Nd,-83748.028,8326.9237,13940.6089,13793.0747,7817.0359,7968.7996,1901.2829,-2331.9117,696.561,0.748,0.1512,27.9,1314.66913,1.887370870983177,60,84,144,10,22,34,2,0,0,12,1
55,90,145,Cs,-60054.424,8188.7342,8521.5413,23843.0,4854.38,10471.0936,-2552.674,7461.7591,,,,,,,55,90,145,5,27,40,8,1,0,13,0
56,89,145,Ba,-67516.183,8234.7991,9721.6139,21891.2429,3820.3713,11533.7921,-1743.7901,5319.1425,,,,,,,56,89,145,6,26,39,7,0,1,13,0
57,88,145,La,-72835.325,8266.0873,10806.4941,19737.749,6056.9838,8357.1668,-782.8903,4231.7331,,,,,,,57,88,145,7,25,38,6,1,0,13,0
58,87,145,Ce,-77067.059,8289.8762,11603.3164,17707.7955,4706.4346,9506.3699,240.5176,2558.9318,,,,,,,58,87,145,8,24,37,5,0,1,13,0
59,86,145,Pr,-79625.99,8302.1285,12700.4269,16032.465,6946.7202,6483.0194,878.9374,1806.014,,,,,,,59,86,145,9,23,36,4,1,0,13,0
60,85,145,Nd,-81432.004,8309.1883,13572.3302,14403.5683,5755.2943,7970.3873,1574.1374,-164.4982,,,,,,,60,85,145,10,22,35,3,0,1,13,0
56,90,146,Ba,-64866.269,8215.5293,9241.7749,22571.9093,5421.4036,12100.8157,-2061.5359,4354.9052,181.05,3.5,0.377,1270.0,513.668,2.8372393603800163,56,90,146,6,26,40,8,0,0,14,1
57,89,146,La,-69221.174,8239.9988,10514.1501,20527.754,4457.1663,8993.9619,-1131.5333,6404.6947,,,,,,,57,89,146,7,25,39,7,1,1,14,0
58,88,146,Ce,-75625.868,8278.5081,11336.5626,18436.6808,6630.128,10079.514,-208.5274,1047.6178,,,,,668.384,2.586084951287269,58,88,146,8,24,38,6,0,0,14,1
59,87,146,Pr,-76673.486,8280.325,12065.5342,16401.7687,5118.814,6895.3988,925.5479,4252.43,,,,,,,59,87,146,9,23,37,5,1,1,14,0
60,86,146,Nd,-80925.916,8304.0927,13320.5242,15071.9164,7565.2299,8588.897,1182.0635,-1471.556,453.77,1.338,0.2004,116.1,1043.215,2.2986252955317146,60,86,146,10,22,36,4,0,0,14,1
57,90,147,La,-66678.397,8221.5536,9985.7078,21201.9154,5528.5415,9101.0997,-1427.7944,5335.5046,,,,,,,57,90,147,7,25,40,8,1,0,15,0
58,89,147,Ce,-72013.902,8252.5274,11089.4793,19075.661,4459.3514,10081.6991,-501.6125,3430.1913,,,,,,,58,89,147,8,24,39,7,0,1,15,0
59,88,147,Pr,-75444.093,8270.54,11960.7388,17186.7097,6841.9248,7107.1957,302.4585,2702.7013,,,,,,,59,88,147,9,23,38,6,1,0,15,0
60,87,147,Nd,-78146.794,8283.6036,12857.4261,15657.678,5292.1962,8762.2792,1034.668,895.1896,,,,,,,60,87,147,10,22,37,5,0,1,15,0
58,90,148,Ce,-70398.424,8240.3876,10915.1919,20110.0978,6455.8405,11008.9982,-1056.2104,2137.0282,158.467,3.18,0.317,4530.0,453.524,2.861936990234591,58,90,148,8,24,40,8,0,0,16,1
59,89,148,Pr,-72535.452,8249.5409,12004.6023,17892.2209,5162.6774,7810.5218,-110.7086,4872.6133,,,,,,,59,89,148,9,23,39,7,1,1,16,0
60,88,148,Nd,-77408.066,8277.1778,12624.7856,16360.1394,7332.5894,9252.9438,598.9604,-542.1891,301.702,2.707,0.2825,2168.0,752.296,2.4934807213771224,60,88,148,10,22,38,6,0,0,16,1
59,90,149,Pr,-71039.373,8238.304,11737.9161,18938.9181,6575.2387,7929.9199,-628.9635,3336.1617,,,,,,,59,90,149,9,23,40,8,1,0,17,0
60,89,149,Nd,-74375.535,8255.4437,12371.3765,16939.5752,5038.7871,9129.0534,266.6079,1688.8697,,,,,,,60,89,149,10,22,39,7,0,1,17,0
60,90,150,Nd,-73679.951,8249.5789,12414.5215,17859.4691,7375.7344,9929.5491,-478.9986,-82.6155,130.21,4.1,0.3447,6100.0,381.108,2.926714637873703,60,90,150,10,22,40,8,0,0,18,1
